RF_detection_count,RF_detection_time,audit_errors,audit_pass,average_localization_clear_time_s_per_source,channel_switch_time,clear_count,clear_ratio,clear_time,client_error,completion_proved,error_mode,experimental_events,future_timed_fallbacks,jammer_count,kind,measured_program_wall_time_s,move_distance,move_time,optical_failed_count,optical_time,parameter_hash,reception,region_checks,run_id,scenario,scene_hash,seed,strategy_hash,total_time,variant,variant_hash
103,515,,True,178.2100471875,96,16,1.0,32,,True,fixed_hash,9,0,16,Optical,6.6311262999952305,10786.803781613093,2157.3607563226187,1,51,3344c0c3c0c9b70bc2c9ecb9b0b1665cf3cc67c01f47d150d7a2cee978833f87,mixed,52,20260912T112134523112Z-s21101-G-6aef0585,uniform,c2989010c03c6d62e880af886cd6abe4ef09d95c3876b9b7c46c83753afd3c00,21101,879d22e75ae099462ddfb7a6032b9ee3e5701382fc5f71bca331d53902680f3a,2851.360755,Optical,e92bab2eef9ee23dc696cd258d4c433a2e100841b6992ef174c34ae7b9756e4f
103,515,,True,178.2100471875,96,16,1.0,32,,True,fixed_hash,9,0,16,OpticalRoute,6.609675599989714,10786.803781613093,2157.3607563226187,1,51,3344c0c3c0c9b70bc2c9ecb9b0b1665cf3cc67c01f47d150d7a2cee978833f87,mixed,52,20260912T112134542130Z-s21101-G-547cf86d,uniform,c2989010c03c6d62e880af886cd6abe4ef09d95c3876b9b7c46c83753afd3c00,21101,879d22e75ae099462ddfb7a6032b9ee3e5701382fc5f71bca331d53902680f3a,2851.360755,OpticalRoute,1d06f25226f371818df5ddb816a3ba97ddb467814551275892eb521928098687
110,550,,True,190.5407325625,104,16,1.0,32,,True,fixed_hash,0,0,16,Gplus,6.869052099995315,11543.258607525013,2308.6517215050026,2,54,3344c0c3c0c9b70bc2c9ecb9b0b1665cf3cc67c01f47d150d7a2cee978833f87,mixed,53,20260912T112134500619Z-s21101-G-65265a59,uniform,c2989010c03c6d62e880af886cd6abe4ef09d95c3876b9b7c46c83753afd3c00,21101,879d22e75ae099462ddfb7a6032b9ee3e5701382fc5f71bca331d53902680f3a,3048.651721,Gplus,8415bde2ec5df89a72a65911c0bfd8a7d5ad306da146f80eb7207232f2cd0f4f
110,550,,True,190.5407325625,104,16,1.0,32,,True,fixed_hash,0,0,16,Route,6.895978999993531,11543.258607525013,2308.6517215050026,2,54,3344c0c3c0c9b70bc2c9ecb9b0b1665cf3cc67c01f47d150d7a2cee978833f87,mixed,53,20260912T112134527686Z-s21101-G-78357c57,uniform,c2989010c03c6d62e880af886cd6abe4ef09d95c3876b9b7c46c83753afd3c00,21101,879d22e75ae099462ddfb7a6032b9ee3e5701382fc5f71bca331d53902680f3a,3048.651721,RouteOrder,7c61cba261b6c1f96d32ec131e22c54c39d8a742f4c25f2bad4d4a349c554c54
108,540,,True,190.0324051875,101,16,1.0,32,,True,fixed_hash,6,0,16,Optical,6.949392599999555,11597.592409811978,2319.5184819623955,0,48,3344c0c3c0c9b70bc2c9ecb9b0b1665cf3cc67c01f47d150d7a2cee978833f87,mixed,51,20260912T112134555447Z-s21101-G-e1f71272,uniform,c2989010c03c6d62e880af886cd6abe4ef09d95c3876b9b7c46c83753afd3c00,21101,879d22e75ae099462ddfb7a6032b9ee3e5701382fc5f71bca331d53902680f3a,3040.518483,OpticalTail,62c0a1c67064dd6aa80ea3b8353670afdb62faefb35b34cbe2974079b7184b30
103,515,,True,180.4780900625,98,16,1.0,32,,True,fixed_hash,0,0,16,Future,6.949743799996213,10958.247222058164,2191.649444411633,1,51,3344c0c3c0c9b70bc2c9ecb9b0b1665cf3cc67c01f47d150d7a2cee978833f87,mixed,51,20260912T112134571005Z-s21101-G-5edf2ef7,uniform,c2989010c03c6d62e880af886cd6abe4ef09d95c3876b9b7c46c83753afd3c00,21101,879d22e75ae099462ddfb7a6032b9ee3e5701382fc5f71bca331d53902680f3a,2887.649441,FutureAnchor,647c7e229ba59fae93958e3e8163c8df0930392c823c3a96e07fa684dc474c39
114,570,,True,195.19071226666668,106,15,1.0,30,,True,fixed_hash,0,0,15,Gplus,8.036918300000252,10869.303432102779,2173.860686420556,1,48,3344c0c3c0c9b70bc2c9ecb9b0b1665cf3cc67c01f47d150d7a2cee978833f87,mixed,47,20260912T112141336229Z-s21102-G-5ae8fb55,uniform,ed562b3bd7c2802928428b519abdee949c9be668affa7ce94ffa6274abc3073a,21102,879d22e75ae099462ddfb7a6032b9ee3e5701382fc5f71bca331d53902680f3a,2927.860684,Gplus,8415bde2ec5df89a72a65911c0bfd8a7d5ad306da146f80eb7207232f2cd0f4f
114,570,,True,195.19071226666668,106,15,1.0,30,,True,fixed_hash,0,0,15,Route,7.96721649999381,10869.303432102779,2173.860686420556,1,48,3344c0c3c0c9b70bc2c9ecb9b0b1665cf3cc67c01f47d150d7a2cee978833f87,mixed,47,20260912T112141536938Z-s21102-G-398392cf,uniform,ed562b3bd7c2802928428b519abdee949c9be668affa7ce94ffa6274abc3073a,21102,879d22e75ae099462ddfb7a6032b9ee3e5701382fc5f71bca331d53902680f3a,2927.860684,RouteOrder,7c61cba261b6c1f96d32ec131e22c54c39d8a742f4c25f2bad4d4a349c554c54
113,565,,True,194.87236913333334,105,15,1.0,30,,True,fixed_hash,5,0,15,Optical,8.347726000007242,10875.427694750142,2175.0855389500284,1,48,3344c0c3c0c9b70bc2c9ecb9b0b1665cf3cc67c01f47d150d7a2cee978833f87,mixed,47,20260912T112141344028Z-s21102-G-d8775fbc,uniform,ed562b3bd7c2802928428b519abdee949c9be668affa7ce94ffa6274abc3073a,21102,879d22e75ae099462ddfb7a6032b9ee3e5701382fc5f71bca331d53902680f3a,2923.085537,Optical,e92bab2eef9ee23dc696cd258d4c433a2e100841b6992ef174c34ae7b9756e4f
113,565,,True,194.87236913333334,105,15,1.0,30,,True,fixed_hash,5,0,15,OpticalRoute,8.222453399997903,10875.427694750142,2175.0855389500284,1,48,3344c0c3c0c9b70bc2c9ecb9b0b1665cf3cc67c01f47d150d7a2cee978833f87,mixed,47,20260912T112141609894Z-s21102-G-66d80027,uniform,ed562b3bd7c2802928428b519abdee949c9be668affa7ce94ffa6274abc3073a,21102,879d22e75ae099462ddfb7a6032b9ee3e5701382fc5f71bca331d53902680f3a,2923.085537,OpticalRoute,1d06f25226f371818df5ddb816a3ba97ddb467814551275892eb521928098687
113,565,,True,194.87218040000002,105,15,1.0,30,,True,fixed_hash,5,0,15,Optical,8.281430700008059,10875.413543763949,2175.0827087527896,1,48,3344c0c3c0c9b70bc2c9ecb9b0b1665cf3cc67c01f47d150d7a2cee978833f87,mixed,47,20260912T112141688896Z-s21102-G-02f4edb1,uniform,ed562b3bd7c2802928428b519abdee949c9be668affa7ce94ffa6274abc3073a,21102,879d22e75ae099462ddfb7a6032b9ee3e5701382fc5f71bca331d53902680f3a,2923.082706,OpticalTail,62c0a1c67064dd6aa80ea3b8353670afdb62faefb35b34cbe2974079b7184b30
115,575,,True,195.70362306666667,103,15,1.0,30,,True,fixed_hash,0,0,15,Future,9.570834099999047,10912.771743310343,2182.5543486620686,0,45,3344c0c3c0c9b70bc2c9ecb9b0b1665cf3cc67c01f47d150d7a2cee978833f87,mixed,48,20260912T112141709077Z-s21102-G-2fb7c142,uniform,ed562b3bd7c2802928428b519abdee949c9be668affa7ce94ffa6274abc3073a,21102,879d22e75ae099462ddfb7a6032b9ee3e5701382fc5f71bca331d53902680f3a,2935.554346,FutureAnchor,647c7e229ba59fae93958e3e8163c8df0930392c823c3a96e07fa684dc474c39
96,480,,True,183.7800385,89,16,1.0,32,,True,fixed_hash,0,0,16,Gplus,6.246181099995738,11442.40309093149,2288.4806181862978,1,51,3344c0c3c0c9b70bc2c9ecb9b0b1665cf3cc67c01f47d150d7a2cee978833f87,mixed,49,20260912T112149661379Z-s21103-G-b11f1144,uniform,e446960bc371e2245d03bd08073d8e4a01a3e7f3f2f9e827ff578776f6290f07,21103,879d22e75ae099462ddfb7a6032b9ee3e5701382fc5f71bca331d53902680f3a,2940.480616,Gplus,8415bde2ec5df89a72a65911c0bfd8a7d5ad306da146f80eb7207232f2cd0f4f
96,480,,True,183.7800385,89,16,1.0,32,,True,fixed_hash,0,0,16,Route,6.175000500006718,11442.40309093149,2288.4806181862978,1,51,3344c0c3c0c9b70bc2c9ecb9b0b1665cf3cc67c01f47d150d7a2cee978833f87,mixed,49,20260912T112149949163Z-s21103-G-86d69a53,uniform,e446960bc371e2245d03bd08073d8e4a01a3e7f3f2f9e827ff578776f6290f07,21103,879d22e75ae099462ddfb7a6032b9ee3e5701382fc5f71bca331d53902680f3a,2940.480616,RouteOrder,7c61cba261b6c1f96d32ec131e22c54c39d8a742f4c25f2bad4d4a349c554c54
95,475,,True,181.00511925,89,16,1.0,32,,True,fixed_hash,11,0,16,Optical,6.859716299994034,11245.40953233706,2249.081906467412,1,51,3344c0c3c0c9b70bc2c9ecb9b0b1665cf3cc67c01f47d150d7a2cee978833f87,mixed,49,20260912T112149794973Z-s21103-G-fcc8e7d8,uniform,e446960bc371e2245d03bd08073d8e4a01a3e7f3f2f9e827ff578776f6290f07,21103,879d22e75ae099462ddfb7a6032b9ee3e5701382fc5f71bca331d53902680f3a,2896.081908,Optical,e92bab2eef9ee23dc696cd258d4c433a2e100841b6992ef174c34ae7b9756e4f
96,480,,True,181.3091851875,90,16,1.0,32,,True,fixed_hash,6,0,16,Optical,6.607819500000915,11239.734815449154,2247.9469630898307,1,51,3344c0c3c0c9b70bc2c9ecb9b0b1665cf3cc67c01f47d150d7a2cee978833f87,mixed,49,20260912T112150209649Z-s21103-G-cebcdac2,uniform,e446960bc371e2245d03bd08073d8e4a01a3e7f3f2f9e827ff578776f6290f07,21103,879d22e75ae099462ddfb7a6032b9ee3e5701382fc5f71bca331d53902680f3a,2900.946963,OpticalTail,62c0a1c67064dd6aa80ea3b8353670afdb62faefb35b34cbe2974079b7184b30
95,475,,True,181.00511925,89,16,1.0,32,,True,fixed_hash,11,0,16,OpticalRoute,6.8918158000014955,11245.40953233706,2249.081906467412,1,51,3344c0c3c0c9b70bc2c9ecb9b0b1665cf3cc67c01f47d150d7a2cee978833f87,mixed,49,20260912T112150091698Z-s21103-G-30d6111d,uniform,e446960bc371e2245d03bd08073d8e4a01a3e7f3f2f9e827ff578776f6290f07,21103,879d22e75ae099462ddfb7a6032b9ee3e5701382fc5f71bca331d53902680f3a,2896.081908,OpticalRoute,1d06f25226f371818df5ddb816a3ba97ddb467814551275892eb521928098687
101,505,,True,181.43729625,91,16,1.0,32,,True,fixed_hash,0,0,16,Future,8.622062800001004,11134.98369520536,2226.996739041072,0,48,3344c0c3c0c9b70bc2c9ecb9b0b1665cf3cc67c01f47d150d7a2cee978833f87,mixed,54,20260912T112151505326Z-s21103-G-f9fe6b73,uniform,e446960bc371e2245d03bd08073d8e4a01a3e7f3f2f9e827ff578776f6290f07,21103,879d22e75ae099462ddfb7a6032b9ee3e5701382fc5f71bca331d53902680f3a,2902.99674,FutureAnchor,647c7e229ba59fae93958e3e8163c8df0930392c823c3a96e07fa684dc474c39
104,520,,True,248.30180445454545,97,11,1.0,22,,True,fixed_hash,0,0,11,Gplus,5.173168799999985,10296.599239458554,2059.3198478917107,0,33,3344c0c3c0c9b70bc2c9ecb9b0b1665cf3cc67c01f47d150d7a2cee978833f87,mixed,35,20260912T112156166161Z-s21104-G-864464f1,uniform,9f9ec01d0b8a22726c830ae26f5dbb1f5b6b430b67a01969a8a264a0641a4248,21104,879d22e75ae099462ddfb7a6032b9ee3e5701382fc5f71bca331d53902680f3a,2731.319849,Gplus,8415bde2ec5df89a72a65911c0bfd8a7d5ad306da146f80eb7207232f2cd0f4f
106,530,,True,239.45412318181818,99,11,1.0,22,,True,fixed_hash,1,0,11,Route,4.743821500000195,9749.97676746488,1949.995353492976,0,33,3344c0c3c0c9b70bc2c9ecb9b0b1665cf3cc67c01f47d150d7a2cee978833f87,mixed,34,20260912T112156902136Z-s21104-G-d07d46e3,uniform,9f9ec01d0b8a22726c830ae26f5dbb1f5b6b430b67a01969a8a264a0641a4248,21104,879d22e75ae099462ddfb7a6032b9ee3e5701382fc5f71bca331d53902680f3a,2633.995355,RouteOrder,7c61cba261b6c1f96d32ec131e22c54c39d8a742f4c25f2bad4d4a349c554c54
104,520,,True,248.0953829090909,97,11,1.0,22,,True,fixed_hash,2,0,11,Optical,5.347773899993626,10285.246055685624,2057.049211137125,0,33,3344c0c3c0c9b70bc2c9ecb9b0b1665cf3cc67c01f47d150d7a2cee978833f87,mixed,35,20260912T112156341900Z-s21104-G-13d34a8f,uniform,9f9ec01d0b8a22726c830ae26f5dbb1f5b6b430b67a01969a8a264a0641a4248,21104,879d22e75ae099462ddfb7a6032b9ee3e5701382fc5f71bca331d53902680f3a,2729.049212,Optical,e92bab2eef9ee23dc696cd258d4c433a2e100841b6992ef174c34ae7b9756e4f
106,530,,True,239.14640899999998,99,11,1.0,22,,True,fixed_hash,5,0,11,OpticalRoute,5.331717399996705,9733.052486010223,1946.6104972020446,0,33,3344c0c3c0c9b70bc2c9ecb9b0b1665cf3cc67c01f47d150d7a2cee978833f87,mixed,34,20260912T112157034081Z-s21104-G-89fb5884,uniform,9f9ec01d0b8a22726c830ae26f5dbb1f5b6b430b67a01969a8a264a0641a4248,21104,879d22e75ae099462ddfb7a6032b9ee3e5701382fc5f71bca331d53902680f3a,2630.610499,OpticalRoute,1d06f25226f371818df5ddb816a3ba97ddb467814551275892eb521928098687
104,520,,True,248.0953829090909,97,11,1.0,22,,True,fixed_hash,2,0,11,Optical,5.480301100003999,10285.246055685624,2057.049211137125,0,33,3344c0c3c0c9b70bc2c9ecb9b0b1665cf3cc67c01f47d150d7a2cee978833f87,mixed,35,20260912T112157199166Z-s21104-G-bcf547bc,uniform,9f9ec01d0b8a22726c830ae26f5dbb1f5b6b430b67a01969a8a264a0641a4248,21104,879d22e75ae099462ddfb7a6032b9ee3e5701382fc5f71bca331d53902680f3a,2729.049212,OpticalTail,62c0a1c67064dd6aa80ea3b8353670afdb62faefb35b34cbe2974079b7184b30
106,530,,True,248.25640881818182,98,11,1.0,22,,True,fixed_hash,0,0,11,Future,6.242041799996514,10239.102488882774,2047.820497776555,0,33,3344c0c3c0c9b70bc2c9ecb9b0b1665cf3cc67c01f47d150d7a2cee978833f87,mixed,37,20260912T112200355545Z-s21104-G-989c228a,uniform,9f9ec01d0b8a22726c830ae26f5dbb1f5b6b430b67a01969a8a264a0641a4248,21104,879d22e75ae099462ddfb7a6032b9ee3e5701382fc5f71bca331d53902680f3a,2730.820497,FutureAnchor,647c7e229ba59fae93958e3e8163c8df0930392c823c3a96e07fa684dc474c39
115,575,,True,256.8939092727273,110,11,1.0,22,,True,fixed_hash,0,0,11,Gplus,5.947415999995428,10429.165014784097,2085.8330029568197,0,33,3344c0c3c0c9b70bc2c9ecb9b0b1665cf3cc67c01f47d150d7a2cee978833f87,mixed,32,20260912T112201561684Z-s21105-G-f350c4a9,uniform,7fc65046282c0de0d3b3b8c6c16124e003c3df625c569adc96b52a061036afdb,21105,879d22e75ae099462ddfb7a6032b9ee3e5701382fc5f71bca331d53902680f3a,2825.833002,Gplus,8415bde2ec5df89a72a65911c0bfd8a7d5ad306da146f80eb7207232f2cd0f4f
115,575,,True,256.8939092727273,110,11,1.0,22,,True,fixed_hash,0,0,11,Route,6.1514821000018856,10429.165014784097,2085.8330029568197,0,33,3344c0c3c0c9b70bc2c9ecb9b0b1665cf3cc67c01f47d150d7a2cee978833f87,mixed,32,20260912T112201985589Z-s21105-G-e4b538ce,uniform,7fc65046282c0de0d3b3b8c6c16124e003c3df625c569adc96b52a061036afdb,21105,879d22e75ae099462ddfb7a6032b9ee3e5701382fc5f71bca331d53902680f3a,2825.833002,RouteOrder,7c61cba261b6c1f96d32ec131e22c54c39d8a742f4c25f2bad4d4a349c554c54
115,575,,True,256.4803959090909,110,11,1.0,22,,True,fixed_hash,4,0,11,Optical,6.527692500007106,10406.421783569547,2081.2843567139093,0,33,3344c0c3c0c9b70bc2c9ecb9b0b1665cf3cc67c01f47d150d7a2cee978833f87,mixed,32,20260912T112201874733Z-s21105-G-e6244dae,uniform,7fc65046282c0de0d3b3b8c6c16124e003c3df625c569adc96b52a061036afdb,21105,879d22e75ae099462ddfb7a6032b9ee3e5701382fc5f71bca331d53902680f3a,2821.284355,Optical,e92bab2eef9ee23dc696cd258d4c433a2e100841b6992ef174c34ae7b9756e4f
115,575,,True,256.4803959090909,110,11,1.0,22,,True,fixed_hash,4,0,11,OpticalRoute,6.1778445999952964,10406.421783569547,2081.2843567139093,0,33,3344c0c3c0c9b70bc2c9ecb9b0b1665cf3cc67c01f47d150d7a2cee978833f87,mixed,32,20260912T112202607405Z-s21105-G-94595249,uniform,7fc65046282c0de0d3b3b8c6c16124e003c3df625c569adc96b52a061036afdb,21105,879d22e75ae099462ddfb7a6032b9ee3e5701382fc5f71bca331d53902680f3a,2821.284355,OpticalRoute,1d06f25226f371818df5ddb816a3ba97ddb467814551275892eb521928098687
115,575,,True,256.50541200000004,110,11,1.0,22,,True,fixed_hash,4,0,11,Optical,6.275462100005825,10407.797668226258,2081.5595336452516,0,33,3344c0c3c0c9b70bc2c9ecb9b0b1665cf3cc67c01f47d150d7a2cee978833f87,mixed,32,20260912T112203005586Z-s21105-G-e0f81cae,uniform,7fc65046282c0de0d3b3b8c6c16124e003c3df625c569adc96b52a061036afdb,21105,879d22e75ae099462ddfb7a6032b9ee3e5701382fc5f71bca331d53902680f3a,2821.559532,OpticalTail,62c0a1c67064dd6aa80ea3b8353670afdb62faefb35b34cbe2974079b7184b30
112,560,,True,230.107106,105,14,1.0,28,,True,fixed_hash,0,0,14,Gplus,6.9593800000002375,12432.497419352885,2486.499483870577,0,42,3344c0c3c0c9b70bc2c9ecb9b0b1665cf3cc67c01f47d150d7a2cee978833f87,mixed,49,20260912T112207791412Z-s21106-G-fc81a711,uniform,dd1a5e01c9c79f622438cb54d0c61118814ccd14453cbe30de978c722e73c63d,21106,879d22e75ae099462ddfb7a6032b9ee3e5701382fc5f71bca331d53902680f3a,3221.499484,Gplus,8415bde2ec5df89a72a65911c0bfd8a7d5ad306da146f80eb7207232f2cd0f4f
112,560,,True,230.107106,105,14,1.0,28,,True,fixed_hash,0,0,14,Route,7.09895260000485,12432.497419352885,2486.499483870577,0,42,3344c0c3c0c9b70bc2c9ecb9b0b1665cf3cc67c01f47d150d7a2cee978833f87,mixed,49,20260912T112208759135Z-s21106-G-ec120fe0,uniform,dd1a5e01c9c79f622438cb54d0c61118814ccd14453cbe30de978c722e73c63d,21106,879d22e75ae099462ddfb7a6032b9ee3e5701382fc5f71bca331d53902680f3a,3221.499484,RouteOrder,7c61cba261b6c1f96d32ec131e22c54c39d8a742f4c25f2bad4d4a349c554c54
112,560,,True,229.91268057142858,105,14,1.0,28,,True,fixed_hash,7,0,14,Optical,7.417428500004462,12403.887639762012,2480.777527952402,1,45,3344c0c3c0c9b70bc2c9ecb9b0b1665cf3cc67c01f47d150d7a2cee978833f87,mixed,50,20260912T112208434112Z-s21106-G-ae1b6be9,uniform,dd1a5e01c9c79f622438cb54d0c61118814ccd14453cbe30de978c722e73c63d,21106,879d22e75ae099462ddfb7a6032b9ee3e5701382fc5f71bca331d53902680f3a,3218.777528,Optical,e92bab2eef9ee23dc696cd258d4c433a2e100841b6992ef174c34ae7b9756e4f
112,560,,True,229.91268057142858,105,14,1.0,28,,True,fixed_hash,7,0,14,OpticalRoute,7.2325450999924215,12403.887639762012,2480.777527952402,1,45,3344c0c3c0c9b70bc2c9ecb9b0b1665cf3cc67c01f47d150d7a2cee978833f87,mixed,50,20260912T112209063648Z-s21106-G-9b03f84b,uniform,dd1a5e01c9c79f622438cb54d0c61118814ccd14453cbe30de978c722e73c63d,21106,879d22e75ae099462ddfb7a6032b9ee3e5701382fc5f71bca331d53902680f3a,3218.777528,OpticalRoute,1d06f25226f371818df5ddb816a3ba97ddb467814551275892eb521928098687
124,620,,True,262.84283436363637,111,11,1.0,22,,True,fixed_hash,0,0,11,Future,10.113273900002241,10526.355883121618,2105.2711766243237,0,33,3344c0c3c0c9b70bc2c9ecb9b0b1665cf3cc67c01f47d150d7a2cee978833f87,mixed,41,20260912T112206850123Z-s21105-G-ace6459a,uniform,7fc65046282c0de0d3b3b8c6c16124e003c3df625c569adc96b52a061036afdb,21105,879d22e75ae099462ddfb7a6032b9ee3e5701382fc5f71bca331d53902680f3a,2891.271178,FutureAnchor,647c7e229ba59fae93958e3e8163c8df0930392c823c3a96e07fa684dc474c39
112,560,,True,229.78573271428573,105,14,1.0,28,,True,fixed_hash,7,0,14,Optical,7.478020800001104,12395.001290515629,2479.000258103126,1,45,3344c0c3c0c9b70bc2c9ecb9b0b1665cf3cc67c01f47d150d7a2cee978833f87,mixed,50,20260912T112209640950Z-s21106-G-94f3de34,uniform,dd1a5e01c9c79f622438cb54d0c61118814ccd14453cbe30de978c722e73c63d,21106,879d22e75ae099462ddfb7a6032b9ee3e5701382fc5f71bca331d53902680f3a,3217.000258,OpticalTail,62c0a1c67064dd6aa80ea3b8353670afdb62faefb35b34cbe2974079b7184b30
100,500,,True,220.21593623076922,94,13,1.0,26,,True,fixed_hash,0,0,13,Gplus,5.916655000008177,11019.035862171324,2203.807172434265,0,39,3344c0c3c0c9b70bc2c9ecb9b0b1665cf3cc67c01f47d150d7a2cee978833f87,mixed,41,20260912T112216080536Z-s21107-G-95659f29,uniform,6f8fb41b7c008090aeedc89685d2d0d57f05640fd336cd46d6a7411cff6b9d3a,21107,879d22e75ae099462ddfb7a6032b9ee3e5701382fc5f71bca331d53902680f3a,2862.807171,Gplus,8415bde2ec5df89a72a65911c0bfd8a7d5ad306da146f80eb7207232f2cd0f4f
100,500,,True,220.21593623076922,94,13,1.0,26,,True,fixed_hash,0,0,13,Route,5.817632599995704,11019.035862171324,2203.807172434265,0,39,3344c0c3c0c9b70bc2c9ecb9b0b1665cf3cc67c01f47d150d7a2cee978833f87,mixed,41,20260912T112216523592Z-s21107-G-406be600,uniform,6f8fb41b7c008090aeedc89685d2d0d57f05640fd336cd46d6a7411cff6b9d3a,21107,879d22e75ae099462ddfb7a6032b9ee3e5701382fc5f71bca331d53902680f3a,2862.807171,RouteOrder,7c61cba261b6c1f96d32ec131e22c54c39d8a742f4c25f2bad4d4a349c554c54
113,565,,True,230.26437464285715,106,14,1.0,28,,True,fixed_hash,0,0,14,Future,7.825082400013343,12413.506228666865,2482.701245733373,0,42,3344c0c3c0c9b70bc2c9ecb9b0b1665cf3cc67c01f47d150d7a2cee978833f87,mixed,50,20260912T112214990208Z-s21106-G-1a721890,uniform,dd1a5e01c9c79f622438cb54d0c61118814ccd14453cbe30de978c722e73c63d,21106,879d22e75ae099462ddfb7a6032b9ee3e5701382fc5f71bca331d53902680f3a,3223.701245,FutureAnchor,647c7e229ba59fae93958e3e8163c8df0930392c823c3a96e07fa684dc474c39
102,510,,True,220.89984823076924,98,13,1.0,26,,True,fixed_hash,10,0,13,Optical,6.788828599994304,10993.490138229748,2198.69802764595,0,39,3344c0c3c0c9b70bc2c9ecb9b0b1665cf3cc67c01f47d150d7a2cee978833f87,mixed,42,20260912T112216232107Z-s21107-G-d5afac11,uniform,6f8fb41b7c008090aeedc89685d2d0d57f05640fd336cd46d6a7411cff6b9d3a,21107,879d22e75ae099462ddfb7a6032b9ee3e5701382fc5f71bca331d53902680f3a,2871.698027,Optical,e92bab2eef9ee23dc696cd258d4c433a2e100841b6992ef174c34ae7b9756e4f
102,510,,True,220.91343846153845,98,13,1.0,26,,True,fixed_hash,8,0,13,Optical,6.492993399995612,10994.373500900427,2198.8747001800853,0,39,3344c0c3c0c9b70bc2c9ecb9b0b1665cf3cc67c01f47d150d7a2cee978833f87,mixed,42,20260912T112217389184Z-s21107-G-a12413a6,uniform,6f8fb41b7c008090aeedc89685d2d0d57f05640fd336cd46d6a7411cff6b9d3a,21107,879d22e75ae099462ddfb7a6032b9ee3e5701382fc5f71bca331d53902680f3a,2871.8747,OpticalTail,62c0a1c67064dd6aa80ea3b8353670afdb62faefb35b34cbe2974079b7184b30
102,510,,True,220.89984823076924,98,13,1.0,26,,True,fixed_hash,10,0,13,OpticalRoute,6.682841100002406,10993.490138229748,2198.69802764595,0,39,3344c0c3c0c9b70bc2c9ecb9b0b1665cf3cc67c01f47d150d7a2cee978833f87,mixed,42,20260912T112217243351Z-s21107-G-7f8564f8,uniform,6f8fb41b7c008090aeedc89685d2d0d57f05640fd336cd46d6a7411cff6b9d3a,21107,879d22e75ae099462ddfb7a6032b9ee3e5701382fc5f71bca331d53902680f3a,2871.698027,OpticalRoute,1d06f25226f371818df5ddb816a3ba97ddb467814551275892eb521928098687
115,575,,True,252.49636933333332,108,12,1.0,24,,True,fixed_hash,0,0,12,Gplus,6.130327599996235,11419.782164908878,2283.956432981776,1,39,3344c0c3c0c9b70bc2c9ecb9b0b1665cf3cc67c01f47d150d7a2cee978833f87,mixed,34,20260912T112222607304Z-s21108-G-fb54c214,uniform,261f6043e52080717fd63b6a603a23cc46734288b97b4a62f59fefbcfe7838f9,21108,879d22e75ae099462ddfb7a6032b9ee3e5701382fc5f71bca331d53902680f3a,3029.956432,Gplus,8415bde2ec5df89a72a65911c0bfd8a7d5ad306da146f80eb7207232f2cd0f4f
100,500,,True,224.97304246153845,93,13,1.0,26,,True,fixed_hash,0,0,13,Future,6.708984299999429,11333.247761375447,2266.6495522750893,0,39,3344c0c3c0c9b70bc2c9ecb9b0b1665cf3cc67c01f47d150d7a2cee978833f87,mixed,40,20260912T112222219752Z-s21107-G-d33c51fc,uniform,6f8fb41b7c008090aeedc89685d2d0d57f05640fd336cd46d6a7411cff6b9d3a,21107,879d22e75ae099462ddfb7a6032b9ee3e5701382fc5f71bca331d53902680f3a,2924.649552,FutureAnchor,647c7e229ba59fae93958e3e8163c8df0930392c823c3a96e07fa684dc474c39
115,575,,True,252.49636933333332,108,12,1.0,24,,True,fixed_hash,0,0,12,Route,6.087035100004869,11419.782164908878,2283.956432981776,1,39,3344c0c3c0c9b70bc2c9ecb9b0b1665cf3cc67c01f47d150d7a2cee978833f87,mixed,34,20260912T112223266795Z-s21108-G-f6cfd226,uniform,261f6043e52080717fd63b6a603a23cc46734288b97b4a62f59fefbcfe7838f9,21108,879d22e75ae099462ddfb7a6032b9ee3e5701382fc5f71bca331d53902680f3a,3029.956432,RouteOrder,7c61cba261b6c1f96d32ec131e22c54c39d8a742f4c25f2bad4d4a349c554c54
115,575,,True,251.73935341666666,108,12,1.0,24,,True,fixed_hash,8,0,12,Optical,6.813936599995941,11374.361214137294,2274.8722428274586,1,39,3344c0c3c0c9b70bc2c9ecb9b0b1665cf3cc67c01f47d150d7a2cee978833f87,mixed,34,20260912T112223047460Z-s21108-G-ad9d7bc3,uniform,261f6043e52080717fd63b6a603a23cc46734288b97b4a62f59fefbcfe7838f9,21108,879d22e75ae099462ddfb7a6032b9ee3e5701382fc5f71bca331d53902680f3a,3020.872241,Optical,e92bab2eef9ee23dc696cd258d4c433a2e100841b6992ef174c34ae7b9756e4f
115,575,,True,251.73935341666666,108,12,1.0,24,,True,fixed_hash,8,0,12,OpticalRoute,6.931172399999923,11374.361214137294,2274.8722428274586,1,39,3344c0c3c0c9b70bc2c9ecb9b0b1665cf3cc67c01f47d150d7a2cee978833f87,mixed,34,20260912T112224122609Z-s21108-G-f1af4110,uniform,261f6043e52080717fd63b6a603a23cc46734288b97b4a62f59fefbcfe7838f9,21108,879d22e75ae099462ddfb7a6032b9ee3e5701382fc5f71bca331d53902680f3a,3020.872241,OpticalRoute,1d06f25226f371818df5ddb816a3ba97ddb467814551275892eb521928098687
115,575,,True,252.10319491666667,108,12,1.0,24,,True,fixed_hash,10,0,12,Optical,7.070866000009119,11381.191715688414,2276.238343137683,2,42,3344c0c3c0c9b70bc2c9ecb9b0b1665cf3cc67c01f47d150d7a2cee978833f87,mixed,35,20260912T112224206819Z-s21108-G-44edadf1,uniform,261f6043e52080717fd63b6a603a23cc46734288b97b4a62f59fefbcfe7838f9,21108,879d22e75ae099462ddfb7a6032b9ee3e5701382fc5f71bca331d53902680f3a,3025.238339,OpticalTail,62c0a1c67064dd6aa80ea3b8353670afdb62faefb35b34cbe2974079b7184b30
114,570,,True,251.77201658333334,108,12,1.0,24,,True,fixed_hash,0,0,12,Future,7.329727400006959,11401.320995985032,2280.2641991970063,1,39,3344c0c3c0c9b70bc2c9ecb9b0b1665cf3cc67c01f47d150d7a2cee978833f87,mixed,33,20260912T112228941857Z-s21108-G-5f88997b,uniform,261f6043e52080717fd63b6a603a23cc46734288b97b4a62f59fefbcfe7838f9,21108,879d22e75ae099462ddfb7a6032b9ee3e5701382fc5f71bca331d53902680f3a,3021.264199,FutureAnchor,647c7e229ba59fae93958e3e8163c8df0930392c823c3a96e07fa684dc474c39
117,585,,True,253.4509319166667,110,12,1.0,24,,True,fixed_hash,0,0,12,Gplus,7.503935599990655,11432.055916436486,2286.4111832872973,0,36,3344c0c3c0c9b70bc2c9ecb9b0b1665cf3cc67c01f47d150d7a2cee978833f87,mixed,35,20260912T112229151811Z-s21109-G-710b27fb,uniform,9a81c47b95457ff088ac05336f1bed4fe7ed5d9b20a56e34ac6833a2bcc0f1d1,21109,879d22e75ae099462ddfb7a6032b9ee3e5701382fc5f71bca331d53902680f3a,3041.411183,Gplus,8415bde2ec5df89a72a65911c0bfd8a7d5ad306da146f80eb7207232f2cd0f4f
117,585,,True,253.76837525,110,12,1.0,24,,True,fixed_hash,5,0,12,Optical,7.826962599996477,11436.102510419729,2287.2205020839456,1,39,3344c0c3c0c9b70bc2c9ecb9b0b1665cf3cc67c01f47d150d7a2cee978833f87,mixed,36,20260912T112229584940Z-s21109-G-79c9c0a6,uniform,9a81c47b95457ff088ac05336f1bed4fe7ed5d9b20a56e34ac6833a2bcc0f1d1,21109,879d22e75ae099462ddfb7a6032b9ee3e5701382fc5f71bca331d53902680f3a,3045.220503,Optical,e92bab2eef9ee23dc696cd258d4c433a2e100841b6992ef174c34ae7b9756e4f
117,585,,True,253.4509319166667,110,12,1.0,24,,True,fixed_hash,0,0,12,Route,7.292898400002741,11432.055916436486,2286.4111832872973,0,36,3344c0c3c0c9b70bc2c9ecb9b0b1665cf3cc67c01f47d150d7a2cee978833f87,mixed,35,20260912T112230112139Z-s21109-G-9c80e0b6,uniform,9a81c47b95457ff088ac05336f1bed4fe7ed5d9b20a56e34ac6833a2bcc0f1d1,21109,879d22e75ae099462ddfb7a6032b9ee3e5701382fc5f71bca331d53902680f3a,3041.411183,RouteOrder,7c61cba261b6c1f96d32ec131e22c54c39d8a742f4c25f2bad4d4a349c554c54
117,585,,True,253.76837525,110,12,1.0,24,,True,fixed_hash,5,0,12,OpticalRoute,7.490499000006821,11436.102510419729,2287.2205020839456,1,39,3344c0c3c0c9b70bc2c9ecb9b0b1665cf3cc67c01f47d150d7a2cee978833f87,mixed,36,20260912T112231290152Z-s21109-G-c08552a2,uniform,9a81c47b95457ff088ac05336f1bed4fe7ed5d9b20a56e34ac6833a2bcc0f1d1,21109,879d22e75ae099462ddfb7a6032b9ee3e5701382fc5f71bca331d53902680f3a,3045.220503,OpticalRoute,1d06f25226f371818df5ddb816a3ba97ddb467814551275892eb521928098687
117,585,,True,253.76715758333333,110,12,1.0,24,,True,fixed_hash,5,0,12,Optical,7.470680800004629,11436.029450938095,2287.205890187619,1,39,3344c0c3c0c9b70bc2c9ecb9b0b1665cf3cc67c01f47d150d7a2cee978833f87,mixed,36,20260912T112231494272Z-s21109-G-a7bb86c1,uniform,9a81c47b95457ff088ac05336f1bed4fe7ed5d9b20a56e34ac6833a2bcc0f1d1,21109,879d22e75ae099462ddfb7a6032b9ee3e5701382fc5f71bca331d53902680f3a,3045.205891,OpticalTail,62c0a1c67064dd6aa80ea3b8353670afdb62faefb35b34cbe2974079b7184b30
104,520,,True,218.31764207142857,99,14,1.0,28,,True,fixed_hash,0,0,14,Gplus,6.30548060000001,11837.23494896882,2367.4469897937643,0,42,3344c0c3c0c9b70bc2c9ecb9b0b1665cf3cc67c01f47d150d7a2cee978833f87,mixed,44,20260912T112236886162Z-s21110-G-eccad627,uniform,ccc999f73b8c1d38395984d450e4957ca201ea156efbe5b1986b36ac204b09c5,21110,879d22e75ae099462ddfb7a6032b9ee3e5701382fc5f71bca331d53902680f3a,3056.446989,Gplus,8415bde2ec5df89a72a65911c0bfd8a7d5ad306da146f80eb7207232f2cd0f4f
118,590,,True,252.0936245,110,12,1.0,24,,True,fixed_hash,0,0,12,Future,7.018347999997786,11325.61746300468,2265.123492600936,0,36,3344c0c3c0c9b70bc2c9ecb9b0b1665cf3cc67c01f47d150d7a2cee978833f87,mixed,36,20260912T112236524163Z-s21109-G-2edb33cd,uniform,9a81c47b95457ff088ac05336f1bed4fe7ed5d9b20a56e34ac6833a2bcc0f1d1,21109,879d22e75ae099462ddfb7a6032b9ee3e5701382fc5f71bca331d53902680f3a,3025.123494,FutureAnchor,647c7e229ba59fae93958e3e8163c8df0930392c823c3a96e07fa684dc474c39
104,520,,True,218.31764207142857,99,14,1.0,28,,True,fixed_hash,0,0,14,Route,6.471797000005608,11837.23494896882,2367.4469897937643,0,42,3344c0c3c0c9b70bc2c9ecb9b0b1665cf3cc67c01f47d150d7a2cee978833f87,mixed,44,20260912T112237661956Z-s21110-G-54f23dfb,uniform,ccc999f73b8c1d38395984d450e4957ca201ea156efbe5b1986b36ac204b09c5,21110,879d22e75ae099462ddfb7a6032b9ee3e5701382fc5f71bca331d53902680f3a,3056.446989,RouteOrder,7c61cba261b6c1f96d32ec131e22c54c39d8a742f4c25f2bad4d4a349c554c54
104,520,,True,218.07714585714285,99,14,1.0,28,,True,fixed_hash,4,0,14,Optical,6.7711357999942265,11820.400208082621,2364.0800416165243,0,42,3344c0c3c0c9b70bc2c9ecb9b0b1665cf3cc67c01f47d150d7a2cee978833f87,mixed,44,20260912T112237637336Z-s21110-G-f5659dba,uniform,ccc999f73b8c1d38395984d450e4957ca201ea156efbe5b1986b36ac204b09c5,21110,879d22e75ae099462ddfb7a6032b9ee3e5701382fc5f71bca331d53902680f3a,3053.080042,Optical,e92bab2eef9ee23dc696cd258d4c433a2e100841b6992ef174c34ae7b9756e4f
104,520,,True,218.07714585714285,99,14,1.0,28,,True,fixed_hash,4,0,14,OpticalRoute,6.5481469000078505,11820.400208082621,2364.0800416165243,0,42,3344c0c3c0c9b70bc2c9ecb9b0b1665cf3cc67c01f47d150d7a2cee978833f87,mixed,44,20260912T112239014068Z-s21110-G-651da10b,uniform,ccc999f73b8c1d38395984d450e4957ca201ea156efbe5b1986b36ac204b09c5,21110,879d22e75ae099462ddfb7a6032b9ee3e5701382fc5f71bca331d53902680f3a,3053.080042,OpticalRoute,1d06f25226f371818df5ddb816a3ba97ddb467814551275892eb521928098687
105,525,,True,218.5287580714286,101,14,1.0,28,,True,fixed_hash,4,0,14,Optical,6.902000300004147,11802.013067515145,2360.402613503029,1,45,3344c0c3c0c9b70bc2c9ecb9b0b1665cf3cc67c01f47d150d7a2cee978833f87,mixed,45,20260912T112239237441Z-s21110-G-28e96123,uniform,ccc999f73b8c1d38395984d450e4957ca201ea156efbe5b1986b36ac204b09c5,21110,879d22e75ae099462ddfb7a6032b9ee3e5701382fc5f71bca331d53902680f3a,3059.402613,OpticalTail,62c0a1c67064dd6aa80ea3b8353670afdb62faefb35b34cbe2974079b7184b30
121,605,,True,237.56144454545455,115,11,1.0,22,,True,fixed_hash,0,0,11,Gplus,5.506760999996914,9190.879438219921,1838.1758876439842,0,33,3344c0c3c0c9b70bc2c9ecb9b0b1665cf3cc67c01f47d150d7a2cee978833f87,mixed,31,20260912T112243808306Z-s21111-G-2e7fdeef,uniform,291fee5f004a9d347639e9034f51c868da40a17edd1e7b921d5aa0730d8b64a5,21111,879d22e75ae099462ddfb7a6032b9ee3e5701382fc5f71bca331d53902680f3a,2613.17589,Gplus,8415bde2ec5df89a72a65911c0bfd8a7d5ad306da146f80eb7207232f2cd0f4f
121,605,,True,237.56144454545455,115,11,1.0,22,,True,fixed_hash,0,0,11,Route,5.438674100005301,9190.879438219921,1838.1758876439842,0,33,3344c0c3c0c9b70bc2c9ecb9b0b1665cf3cc67c01f47d150d7a2cee978833f87,mixed,31,20260912T112244654187Z-s21111-G-d7f078fb,uniform,291fee5f004a9d347639e9034f51c868da40a17edd1e7b921d5aa0730d8b64a5,21111,879d22e75ae099462ddfb7a6032b9ee3e5701382fc5f71bca331d53902680f3a,2613.17589,RouteOrder,7c61cba261b6c1f96d32ec131e22c54c39d8a742f4c25f2bad4d4a349c554c54
105,525,,True,218.332324,99,14,1.0,28,,True,fixed_hash,0,0,14,Future,6.818463599993265,11813.262681723478,2362.6525363446954,0,42,3344c0c3c0c9b70bc2c9ecb9b0b1665cf3cc67c01f47d150d7a2cee978833f87,mixed,45,20260912T112243432840Z-s21110-G-ba6530fc,uniform,ccc999f73b8c1d38395984d450e4957ca201ea156efbe5b1986b36ac204b09c5,21110,879d22e75ae099462ddfb7a6032b9ee3e5701382fc5f71bca331d53902680f3a,3056.652536,FutureAnchor,647c7e229ba59fae93958e3e8163c8df0930392c823c3a96e07fa684dc474c39
121,605,,True,237.4305722727273,115,11,1.0,22,,True,fixed_hash,7,0,11,Optical,5.972523899996304,9168.681474403635,1833.736294880727,1,36,3344c0c3c0c9b70bc2c9ecb9b0b1665cf3cc67c01f47d150d7a2cee978833f87,mixed,32,20260912T112244383430Z-s21111-G-d0fb8cf7,uniform,291fee5f004a9d347639e9034f51c868da40a17edd1e7b921d5aa0730d8b64a5,21111,879d22e75ae099462ddfb7a6032b9ee3e5701382fc5f71bca331d53902680f3a,2611.736295,Optical,e92bab2eef9ee23dc696cd258d4c433a2e100841b6992ef174c34ae7b9756e4f
121,605,,True,237.4305722727273,115,11,1.0,22,,True,fixed_hash,7,0,11,OpticalRoute,5.974749000000884,9168.681474403635,1833.736294880727,1,36,3344c0c3c0c9b70bc2c9ecb9b0b1665cf3cc67c01f47d150d7a2cee978833f87,mixed,32,20260912T112245834182Z-s21111-G-f3418587,uniform,291fee5f004a9d347639e9034f51c868da40a17edd1e7b921d5aa0730d8b64a5,21111,879d22e75ae099462ddfb7a6032b9ee3e5701382fc5f71bca331d53902680f3a,2611.736295,OpticalRoute,1d06f25226f371818df5ddb816a3ba97ddb467814551275892eb521928098687
121,605,,True,237.376743,115,11,1.0,22,,True,fixed_hash,7,0,11,Optical,5.862531999999192,9165.720858254675,1833.144171650935,1,36,3344c0c3c0c9b70bc2c9ecb9b0b1665cf3cc67c01f47d150d7a2cee978833f87,mixed,32,20260912T112246411943Z-s21111-G-6663f814,uniform,291fee5f004a9d347639e9034f51c868da40a17edd1e7b921d5aa0730d8b64a5,21111,879d22e75ae099462ddfb7a6032b9ee3e5701382fc5f71bca331d53902680f3a,2611.144173,OpticalTail,62c0a1c67064dd6aa80ea3b8353670afdb62faefb35b34cbe2974079b7184b30
123,615,,True,244.28976172727272,117,11,1.0,22,,True,fixed_hash,0,0,11,Future,6.4149310999928275,9500.936907197043,1900.1873814394087,0,33,3344c0c3c0c9b70bc2c9ecb9b0b1665cf3cc67c01f47d150d7a2cee978833f87,mixed,33,20260912T112249602202Z-s21111-G-7a4ab326,uniform,291fee5f004a9d347639e9034f51c868da40a17edd1e7b921d5aa0730d8b64a5,21111,879d22e75ae099462ddfb7a6032b9ee3e5701382fc5f71bca331d53902680f3a,2687.187379,FutureAnchor,647c7e229ba59fae93958e3e8163c8df0930392c823c3a96e07fa684dc474c39
92,460,,True,177.744355875,87,16,1.0,32,,True,fixed_hash,0,0,16,Gplus,6.118480899996939,11054.548469143127,2210.909693828625,2,54,3344c0c3c0c9b70bc2c9ecb9b0b1665cf3cc67c01f47d150d7a2cee978833f87,mixed,50,20260912T112250338716Z-s21112-G-a20219a8,uniform,13a6028faeb33733f3305bf59126d0ea2ec07ed197094121179224c4a4894f58,21112,879d22e75ae099462ddfb7a6032b9ee3e5701382fc5f71bca331d53902680f3a,2843.909694,Gplus,8415bde2ec5df89a72a65911c0bfd8a7d5ad306da146f80eb7207232f2cd0f4f
92,460,,True,177.744355875,87,16,1.0,32,,True,fixed_hash,1,0,16,Route,6.142226300013135,11054.548469143127,2210.909693828625,2,54,3344c0c3c0c9b70bc2c9ecb9b0b1665cf3cc67c01f47d150d7a2cee978833f87,mixed,50,20260912T112250611489Z-s21112-G-d7fa6657,uniform,13a6028faeb33733f3305bf59126d0ea2ec07ed197094121179224c4a4894f58,21112,879d22e75ae099462ddfb7a6032b9ee3e5701382fc5f71bca331d53902680f3a,2843.909694,RouteOrder,7c61cba261b6c1f96d32ec131e22c54c39d8a742f4c25f2bad4d4a349c554c54
91,455,,True,177.0950443125,87,16,1.0,32,,True,fixed_hash,8,0,16,Optical,6.597533599997405,11027.603555384585,2205.520711076917,2,54,3344c0c3c0c9b70bc2c9ecb9b0b1665cf3cc67c01f47d150d7a2cee978833f87,mixed,50,20260912T112250504741Z-s21112-G-a2d9378b,uniform,13a6028faeb33733f3305bf59126d0ea2ec07ed197094121179224c4a4894f58,21112,879d22e75ae099462ddfb7a6032b9ee3e5701382fc5f71bca331d53902680f3a,2833.520709,Optical,e92bab2eef9ee23dc696cd258d4c433a2e100841b6992ef174c34ae7b9756e4f
91,455,,True,177.0950443125,87,16,1.0,32,,True,fixed_hash,9,0,16,OpticalRoute,6.648597100007464,11027.603555384585,2205.520711076917,2,54,3344c0c3c0c9b70bc2c9ecb9b0b1665cf3cc67c01f47d150d7a2cee978833f87,mixed,50,20260912T112252055944Z-s21112-G-12e23bb1,uniform,13a6028faeb33733f3305bf59126d0ea2ec07ed197094121179224c4a4894f58,21112,879d22e75ae099462ddfb7a6032b9ee3e5701382fc5f71bca331d53902680f3a,2833.520709,OpticalRoute,1d06f25226f371818df5ddb816a3ba97ddb467814551275892eb521928098687
89,445,,True,176.212566125,85,16,1.0,32,,True,fixed_hash,8,0,16,Optical,6.388403799996013,11032.005297920632,2206.4010595841264,1,51,3344c0c3c0c9b70bc2c9ecb9b0b1665cf3cc67c01f47d150d7a2cee978833f87,mixed,48,20260912T112252551066Z-s21112-G-0ee431b7,uniform,13a6028faeb33733f3305bf59126d0ea2ec07ed197094121179224c4a4894f58,21112,879d22e75ae099462ddfb7a6032b9ee3e5701382fc5f71bca331d53902680f3a,2819.401058,OpticalTail,62c0a1c67064dd6aa80ea3b8353670afdb62faefb35b34cbe2974079b7184b30
109,545,,True,249.10133933333336,102,12,1.0,24,,True,fixed_hash,0,0,12,Gplus,6.245266999991145,11411.080354955433,2282.216070991087,0,36,3344c0c3c0c9b70bc2c9ecb9b0b1665cf3cc67c01f47d150d7a2cee978833f87,mixed,36,20260912T112256689194Z-s21113-G-c8a07bd5,uniform,a9356fee2ce7413cf055f6c23c9e8c73b9ebf5f55f0bd8629c0ddfcd5cd683e1,21113,879d22e75ae099462ddfb7a6032b9ee3e5701382fc5f71bca331d53902680f3a,2989.216072,Gplus,8415bde2ec5df89a72a65911c0bfd8a7d5ad306da146f80eb7207232f2cd0f4f
109,545,,True,249.10133933333336,102,12,1.0,24,,True,fixed_hash,0,0,12,Route,6.266573200002313,11411.080354955433,2282.216070991087,0,36,3344c0c3c0c9b70bc2c9ecb9b0b1665cf3cc67c01f47d150d7a2cee978833f87,mixed,36,20260912T112257302980Z-s21113-G-a350d35a,uniform,a9356fee2ce7413cf055f6c23c9e8c73b9ebf5f55f0bd8629c0ddfcd5cd683e1,21113,879d22e75ae099462ddfb7a6032b9ee3e5701382fc5f71bca331d53902680f3a,2989.216072,RouteOrder,7c61cba261b6c1f96d32ec131e22c54c39d8a742f4c25f2bad4d4a349c554c54
109,545,,True,248.86354108333333,102,12,1.0,24,,True,fixed_hash,6,0,12,Optical,6.721076299989363,11396.812461241643,2279.3624922483286,0,36,3344c0c3c0c9b70bc2c9ecb9b0b1665cf3cc67c01f47d150d7a2cee978833f87,mixed,36,20260912T112256976670Z-s21113-G-b3d1ba14,uniform,a9356fee2ce7413cf055f6c23c9e8c73b9ebf5f55f0bd8629c0ddfcd5cd683e1,21113,879d22e75ae099462ddfb7a6032b9ee3e5701382fc5f71bca331d53902680f3a,2986.362493,Optical,e92bab2eef9ee23dc696cd258d4c433a2e100841b6992ef174c34ae7b9756e4f
96,480,,True,178.9276630625,89,16,1.0,32,,True,fixed_hash,0,0,16,Future,8.093730399996275,11054.213037852385,2210.842607570477,1,51,3344c0c3c0c9b70bc2c9ecb9b0b1665cf3cc67c01f47d150d7a2cee978833f87,mixed,54,20260912T112256295654Z-s21112-G-87e71a5c,uniform,13a6028faeb33733f3305bf59126d0ea2ec07ed197094121179224c4a4894f58,21112,879d22e75ae099462ddfb7a6032b9ee3e5701382fc5f71bca331d53902680f3a,2862.842609,FutureAnchor,647c7e229ba59fae93958e3e8163c8df0930392c823c3a96e07fa684dc474c39
108,540,,True,249.20011608333334,102,12,1.0,24,,True,fixed_hash,6,0,12,Optical,6.5870125999936135,11442.006955344968,2288.4013910689937,0,36,3344c0c3c0c9b70bc2c9ecb9b0b1665cf3cc67c01f47d150d7a2cee978833f87,mixed,35,20260912T112259144264Z-s21113-G-ba599865,uniform,a9356fee2ce7413cf055f6c23c9e8c73b9ebf5f55f0bd8629c0ddfcd5cd683e1,21113,879d22e75ae099462ddfb7a6032b9ee3e5701382fc5f71bca331d53902680f3a,2990.401393,OpticalTail,62c0a1c67064dd6aa80ea3b8353670afdb62faefb35b34cbe2974079b7184b30
109,545,,True,248.86354108333333,102,12,1.0,24,,True,fixed_hash,6,0,12,OpticalRoute,6.891823099998874,11396.812461241643,2279.3624922483286,0,36,3344c0c3c0c9b70bc2c9ecb9b0b1665cf3cc67c01f47d150d7a2cee978833f87,mixed,36,20260912T112258908903Z-s21113-G-e7670a7a,uniform,a9356fee2ce7413cf055f6c23c9e8c73b9ebf5f55f0bd8629c0ddfcd5cd683e1,21113,879d22e75ae099462ddfb7a6032b9ee3e5701382fc5f71bca331d53902680f3a,2986.362493,OpticalRoute,1d06f25226f371818df5ddb816a3ba97ddb467814551275892eb521928098687
106,530,,True,195.98668685714284,104,14,1.0,28,,True,fixed_hash,0,0,14,Gplus,5.698330800005351,10199.068079524097,2039.8136159048195,0,42,3344c0c3c0c9b70bc2c9ecb9b0b1665cf3cc67c01f47d150d7a2cee978833f87,mixed,45,20260912T112303891684Z-s21114-G-c2b9e45e,uniform,645fec5430c63b8581badfe7bb6a58a4934ee78716bc03296391f500bfb47048,21114,879d22e75ae099462ddfb7a6032b9ee3e5701382fc5f71bca331d53902680f3a,2743.813616,Gplus,8415bde2ec5df89a72a65911c0bfd8a7d5ad306da146f80eb7207232f2cd0f4f
106,530,,True,195.98668685714284,104,14,1.0,28,,True,fixed_hash,0,0,14,Route,5.634463499998674,10199.068079524097,2039.8136159048195,0,42,3344c0c3c0c9b70bc2c9ecb9b0b1665cf3cc67c01f47d150d7a2cee978833f87,mixed,45,20260912T112304596875Z-s21114-G-eb4c677e,uniform,645fec5430c63b8581badfe7bb6a58a4934ee78716bc03296391f500bfb47048,21114,879d22e75ae099462ddfb7a6032b9ee3e5701382fc5f71bca331d53902680f3a,2743.813616,RouteOrder,7c61cba261b6c1f96d32ec131e22c54c39d8a742f4c25f2bad4d4a349c554c54
106,530,,True,195.2681112142857,104,14,1.0,28,,True,fixed_hash,8,0,14,Optical,6.402713799994672,10148.767789779391,2029.7535579558783,0,42,3344c0c3c0c9b70bc2c9ecb9b0b1665cf3cc67c01f47d150d7a2cee978833f87,mixed,45,20260912T112303981032Z-s21114-G-0f4bb9b2,uniform,645fec5430c63b8581badfe7bb6a58a4934ee78716bc03296391f500bfb47048,21114,879d22e75ae099462ddfb7a6032b9ee3e5701382fc5f71bca331d53902680f3a,2733.753557,Optical,e92bab2eef9ee23dc696cd258d4c433a2e100841b6992ef174c34ae7b9756e4f
111,555,,True,249.81604183333332,102,12,1.0,24,,True,fixed_hash,0,0,12,Future,7.414563500002259,11403.962521732965,2280.792504346593,0,36,3344c0c3c0c9b70bc2c9ecb9b0b1665cf3cc67c01f47d150d7a2cee978833f87,mixed,38,20260912T112303199873Z-s21113-G-d6400c99,uniform,a9356fee2ce7413cf055f6c23c9e8c73b9ebf5f55f0bd8629c0ddfcd5cd683e1,21113,879d22e75ae099462ddfb7a6032b9ee3e5701382fc5f71bca331d53902680f3a,2997.792502,FutureAnchor,647c7e229ba59fae93958e3e8163c8df0930392c823c3a96e07fa684dc474c39
106,530,,True,195.2681112142857,104,14,1.0,28,,True,fixed_hash,8,0,14,OpticalRoute,6.2580969000118785,10148.767789779391,2029.7535579558783,0,42,3344c0c3c0c9b70bc2c9ecb9b0b1665cf3cc67c01f47d150d7a2cee978833f87,mixed,45,20260912T112305969204Z-s21114-G-52c13d61,uniform,645fec5430c63b8581badfe7bb6a58a4934ee78716bc03296391f500bfb47048,21114,879d22e75ae099462ddfb7a6032b9ee3e5701382fc5f71bca331d53902680f3a,2733.753557,OpticalRoute,1d06f25226f371818df5ddb816a3ba97ddb467814551275892eb521928098687
106,530,,True,196.3569512857143,104,14,1.0,28,,True,fixed_hash,10,0,14,Optical,6.611506400004146,10224.986586662164,2044.9973173324329,0,42,3344c0c3c0c9b70bc2c9ecb9b0b1665cf3cc67c01f47d150d7a2cee978833f87,mixed,45,20260912T112306065876Z-s21114-G-e7f455ae,uniform,645fec5430c63b8581badfe7bb6a58a4934ee78716bc03296391f500bfb47048,21114,879d22e75ae099462ddfb7a6032b9ee3e5701382fc5f71bca331d53902680f3a,2748.997318,OpticalTail,62c0a1c67064dd6aa80ea3b8353670afdb62faefb35b34cbe2974079b7184b30
113,565,,True,240.16491525,109,12,1.0,24,,True,fixed_hash,5,0,12,Optical,5.140157499990892,10724.894913737198,2144.9789827474397,1,39,3344c0c3c0c9b70bc2c9ecb9b0b1665cf3cc67c01f47d150d7a2cee978833f87,mixed,38,20260912T112310618466Z-s21115-G-1b208f54,uniform,8a1f6ad33d0e4ee49ba047fed76e92cf5b1cd92b201a136d869d0e0e3ed0c548,21115,879d22e75ae099462ddfb7a6032b9ee3e5701382fc5f71bca331d53902680f3a,2881.978983,Optical,e92bab2eef9ee23dc696cd258d4c433a2e100841b6992ef174c34ae7b9756e4f
115,575,,True,241.782361,111,12,1.0,24,,True,fixed_hash,0,0,12,Gplus,5.270495700009633,10746.94165763457,2149.388331526914,2,42,3344c0c3c0c9b70bc2c9ecb9b0b1665cf3cc67c01f47d150d7a2cee978833f87,mixed,39,20260912T112310474292Z-s21115-G-31e75ea7,uniform,8a1f6ad33d0e4ee49ba047fed76e92cf5b1cd92b201a136d869d0e0e3ed0c548,21115,879d22e75ae099462ddfb7a6032b9ee3e5701382fc5f71bca331d53902680f3a,2901.388332,Gplus,8415bde2ec5df89a72a65911c0bfd8a7d5ad306da146f80eb7207232f2cd0f4f
115,575,,True,241.782361,111,12,1.0,24,,True,fixed_hash,0,0,12,Route,5.255787200003397,10746.94165763457,2149.388331526914,2,42,3344c0c3c0c9b70bc2c9ecb9b0b1665cf3cc67c01f47d150d7a2cee978833f87,mixed,39,20260912T112310888057Z-s21115-G-525e040b,uniform,8a1f6ad33d0e4ee49ba047fed76e92cf5b1cd92b201a136d869d0e0e3ed0c548,21115,879d22e75ae099462ddfb7a6032b9ee3e5701382fc5f71bca331d53902680f3a,2901.388332,RouteOrder,7c61cba261b6c1f96d32ec131e22c54c39d8a742f4c25f2bad4d4a349c554c54
110,550,,True,197.64096964285713,107,14,1.0,28,,True,fixed_hash,0,0,14,Future,6.536071700000321,10199.86788237446,2039.9735764748918,0,42,3344c0c3c0c9b70bc2c9ecb9b0b1665cf3cc67c01f47d150d7a2cee978833f87,mixed,49,20260912T112309840110Z-s21114-G-3dc1a079,uniform,645fec5430c63b8581badfe7bb6a58a4934ee78716bc03296391f500bfb47048,21114,879d22e75ae099462ddfb7a6032b9ee3e5701382fc5f71bca331d53902680f3a,2766.973575,FutureAnchor,647c7e229ba59fae93958e3e8163c8df0930392c823c3a96e07fa684dc474c39
113,565,,True,240.16491525,109,12,1.0,24,,True,fixed_hash,5,0,12,OpticalRoute,5.171946900009061,10724.894913737198,2144.9789827474397,1,39,3344c0c3c0c9b70bc2c9ecb9b0b1665cf3cc67c01f47d150d7a2cee978833f87,mixed,38,20260912T112312460944Z-s21115-G-88cd21b5,uniform,8a1f6ad33d0e4ee49ba047fed76e92cf5b1cd92b201a136d869d0e0e3ed0c548,21115,879d22e75ae099462ddfb7a6032b9ee3e5701382fc5f71bca331d53902680f3a,2881.978983,OpticalRoute,1d06f25226f371818df5ddb816a3ba97ddb467814551275892eb521928098687
113,565,,True,240.16491525,109,12,1.0,24,,True,fixed_hash,5,0,12,Optical,5.1615932999993674,10724.894913737198,2144.9789827474397,1,39,3344c0c3c0c9b70bc2c9ecb9b0b1665cf3cc67c01f47d150d7a2cee978833f87,mixed,38,20260912T112312905133Z-s21115-G-22a8f79b,uniform,8a1f6ad33d0e4ee49ba047fed76e92cf5b1cd92b201a136d869d0e0e3ed0c548,21115,879d22e75ae099462ddfb7a6032b9ee3e5701382fc5f71bca331d53902680f3a,2881.978983,OpticalTail,62c0a1c67064dd6aa80ea3b8353670afdb62faefb35b34cbe2974079b7184b30
114,570,,True,240.71674791666666,108,12,1.0,24,,True,fixed_hash,0,0,12,Future,5.420395900000585,10753.004872838057,2150.6009745676115,0,36,3344c0c3c0c9b70bc2c9ecb9b0b1665cf3cc67c01f47d150d7a2cee978833f87,mixed,38,20260912T112316001493Z-s21115-G-8bed08ff,uniform,8a1f6ad33d0e4ee49ba047fed76e92cf5b1cd92b201a136d869d0e0e3ed0c548,21115,879d22e75ae099462ddfb7a6032b9ee3e5701382fc5f71bca331d53902680f3a,2888.600975,FutureAnchor,647c7e229ba59fae93958e3e8163c8df0930392c823c3a96e07fa684dc474c39
113,565,,True,262.47333583333335,109,12,1.0,24,,True,fixed_hash,0,0,12,Gplus,6.339826499999617,12078.400146336793,2415.680029267359,0,36,3344c0c3c0c9b70bc2c9ecb9b0b1665cf3cc67c01f47d150d7a2cee978833f87,mixed,37,20260912T112316001493Z-s21116-G-22a8047a,uniform,7107d59992e683d22c68c55d9a2d04d75fe6b3e46bebe7ef5c4f3817a94da551,21116,879d22e75ae099462ddfb7a6032b9ee3e5701382fc5f71bca331d53902680f3a,3149.68003,Gplus,8415bde2ec5df89a72a65911c0bfd8a7d5ad306da146f80eb7207232f2cd0f4f
113,565,,True,262.47333583333335,109,12,1.0,24,,True,fixed_hash,0,0,12,Route,6.169024300004821,12078.400146336793,2415.680029267359,0,36,3344c0c3c0c9b70bc2c9ecb9b0b1665cf3cc67c01f47d150d7a2cee978833f87,mixed,37,20260912T112316592565Z-s21116-G-9e36921d,uniform,7107d59992e683d22c68c55d9a2d04d75fe6b3e46bebe7ef5c4f3817a94da551,21116,879d22e75ae099462ddfb7a6032b9ee3e5701382fc5f71bca331d53902680f3a,3149.68003,RouteOrder,7c61cba261b6c1f96d32ec131e22c54c39d8a742f4c25f2bad4d4a349c554c54
113,565,,True,262.55334783333336,109,12,1.0,24,,True,fixed_hash,7,0,12,Optical,6.934301300003426,12068.200873546242,2413.6401747092486,1,39,3344c0c3c0c9b70bc2c9ecb9b0b1665cf3cc67c01f47d150d7a2cee978833f87,mixed,38,20260912T112316389325Z-s21116-G-743a0f23,uniform,7107d59992e683d22c68c55d9a2d04d75fe6b3e46bebe7ef5c4f3817a94da551,21116,879d22e75ae099462ddfb7a6032b9ee3e5701382fc5f71bca331d53902680f3a,3150.640174,Optical,e92bab2eef9ee23dc696cd258d4c433a2e100841b6992ef174c34ae7b9756e4f
113,565,,True,262.55334783333336,109,12,1.0,24,,True,fixed_hash,7,0,12,OpticalRoute,7.219245399988722,12068.200873546242,2413.6401747092486,1,39,3344c0c3c0c9b70bc2c9ecb9b0b1665cf3cc67c01f47d150d7a2cee978833f87,mixed,38,20260912T112317884815Z-s21116-G-2d527c43,uniform,7107d59992e683d22c68c55d9a2d04d75fe6b3e46bebe7ef5c4f3817a94da551,21116,879d22e75ae099462ddfb7a6032b9ee3e5701382fc5f71bca331d53902680f3a,3150.640174,OpticalRoute,1d06f25226f371818df5ddb816a3ba97ddb467814551275892eb521928098687
113,565,,True,262.55199458333334,109,12,1.0,24,,True,fixed_hash,7,0,12,Optical,6.814348199986853,12068.11968379532,2413.623936759064,1,39,3344c0c3c0c9b70bc2c9ecb9b0b1665cf3cc67c01f47d150d7a2cee978833f87,mixed,38,20260912T112318295588Z-s21116-G-e8f3c336,uniform,7107d59992e683d22c68c55d9a2d04d75fe6b3e46bebe7ef5c4f3817a94da551,21116,879d22e75ae099462ddfb7a6032b9ee3e5701382fc5f71bca331d53902680f3a,3150.623935,OpticalTail,62c0a1c67064dd6aa80ea3b8353670afdb62faefb35b34cbe2974079b7184b30
96,480,,True,181.8566803125,89,16,1.0,32,,True,fixed_hash,0,0,16,Gplus,6.723424000010709,11258.534412326095,2251.7068824652188,3,57,3344c0c3c0c9b70bc2c9ecb9b0b1665cf3cc67c01f47d150d7a2cee978833f87,mixed,50,20260912T112322586489Z-s21117-G-5b79735f,uniform,187144eec2a987a691c8120e92bf975a0c78434aea8655e8b5ec8af661a1dfad,21117,879d22e75ae099462ddfb7a6032b9ee3e5701382fc5f71bca331d53902680f3a,2909.706885,Gplus,8415bde2ec5df89a72a65911c0bfd8a7d5ad306da146f80eb7207232f2cd0f4f
117,585,,True,260.3718245833333,109,12,1.0,24,,True,fixed_hash,0,0,12,Future,8.471373699998367,11852.30947071636,2370.461894143272,0,36,3344c0c3c0c9b70bc2c9ecb9b0b1665cf3cc67c01f47d150d7a2cee978833f87,mixed,41,20260912T112321659098Z-s21116-G-d592aecc,uniform,7107d59992e683d22c68c55d9a2d04d75fe6b3e46bebe7ef5c4f3817a94da551,21116,879d22e75ae099462ddfb7a6032b9ee3e5701382fc5f71bca331d53902680f3a,3124.461895,FutureAnchor,647c7e229ba59fae93958e3e8163c8df0930392c823c3a96e07fa684dc474c39
96,480,,True,181.8566803125,89,16,1.0,32,,True,fixed_hash,0,0,16,Route,6.74918389999948,11258.534412326095,2251.7068824652188,3,57,3344c0c3c0c9b70bc2c9ecb9b0b1665cf3cc67c01f47d150d7a2cee978833f87,mixed,50,20260912T112323566565Z-s21117-G-db64c0e3,uniform,187144eec2a987a691c8120e92bf975a0c78434aea8655e8b5ec8af661a1dfad,21117,879d22e75ae099462ddfb7a6032b9ee3e5701382fc5f71bca331d53902680f3a,2909.706885,RouteOrder,7c61cba261b6c1f96d32ec131e22c54c39d8a742f4c25f2bad4d4a349c554c54
96,480,,True,181.8255295625,88,16,1.0,32,,True,fixed_hash,8,0,16,Optical,7.493053400001372,11291.04236164636,2258.208472329272,1,51,3344c0c3c0c9b70bc2c9ecb9b0b1665cf3cc67c01f47d150d7a2cee978833f87,mixed,50,20260912T112322986962Z-s21117-G-0d3953ac,uniform,187144eec2a987a691c8120e92bf975a0c78434aea8655e8b5ec8af661a1dfad,21117,879d22e75ae099462ddfb7a6032b9ee3e5701382fc5f71bca331d53902680f3a,2909.208473,Optical,e92bab2eef9ee23dc696cd258d4c433a2e100841b6992ef174c34ae7b9756e4f
96,480,,True,181.8255295625,88,16,1.0,32,,True,fixed_hash,8,0,16,OpticalRoute,7.452104299998609,11291.04236164636,2258.208472329272,1,51,3344c0c3c0c9b70bc2c9ecb9b0b1665cf3cc67c01f47d150d7a2cee978833f87,mixed,50,20260912T112325340125Z-s21117-G-a0f2b31d,uniform,187144eec2a987a691c8120e92bf975a0c78434aea8655e8b5ec8af661a1dfad,21117,879d22e75ae099462ddfb7a6032b9ee3e5701382fc5f71bca331d53902680f3a,2909.208473,OpticalRoute,1d06f25226f371818df5ddb816a3ba97ddb467814551275892eb521928098687
98,490,,True,181.44988575,90,16,1.0,32,,True,fixed_hash,10,0,16,Optical,7.901621700002579,11215.990863871897,2243.1981727743796,0,48,3344c0c3c0c9b70bc2c9ecb9b0b1665cf3cc67c01f47d150d7a2cee978833f87,mixed,52,20260912T112325351933Z-s21117-G-5b409a40,uniform,187144eec2a987a691c8120e92bf975a0c78434aea8655e8b5ec8af661a1dfad,21117,879d22e75ae099462ddfb7a6032b9ee3e5701382fc5f71bca331d53902680f3a,2903.198172,OpticalTail,62c0a1c67064dd6aa80ea3b8353670afdb62faefb35b34cbe2974079b7184b30
113,565,,True,290.9867459090909,106,11,1.0,22,,True,fixed_hash,0,0,11,Gplus,6.13335959998949,12374.271027574603,2474.8542055149205,0,33,3344c0c3c0c9b70bc2c9ecb9b0b1665cf3cc67c01f47d150d7a2cee978833f87,mixed,32,20260912T112330352068Z-s21118-G-3bd6f785,uniform,d036a6ece22bee3dbd8b1c9facd1f87dc2867b73e13cee43536bf246c08ba0be,21118,879d22e75ae099462ddfb7a6032b9ee3e5701382fc5f71bca331d53902680f3a,3200.854205,Gplus,8415bde2ec5df89a72a65911c0bfd8a7d5ad306da146f80eb7207232f2cd0f4f
113,565,,True,290.9867459090909,106,11,1.0,22,,True,fixed_hash,0,0,11,Route,6.158810799999628,12374.271027574603,2474.8542055149205,0,33,3344c0c3c0c9b70bc2c9ecb9b0b1665cf3cc67c01f47d150d7a2cee978833f87,mixed,32,20260912T112330681023Z-s21118-G-94a5e17a,uniform,d036a6ece22bee3dbd8b1c9facd1f87dc2867b73e13cee43536bf246c08ba0be,21118,879d22e75ae099462ddfb7a6032b9ee3e5701382fc5f71bca331d53902680f3a,3200.854205,RouteOrder,7c61cba261b6c1f96d32ec131e22c54c39d8a742f4c25f2bad4d4a349c554c54
113,565,,True,290.6294871818182,106,11,1.0,22,,True,fixed_hash,7,0,11,Optical,6.742251799994847,12354.621798252234,2470.9243596504466,0,33,3344c0c3c0c9b70bc2c9ecb9b0b1665cf3cc67c01f47d150d7a2cee978833f87,mixed,32,20260912T112330530104Z-s21118-G-ac31b331,uniform,d036a6ece22bee3dbd8b1c9facd1f87dc2867b73e13cee43536bf246c08ba0be,21118,879d22e75ae099462ddfb7a6032b9ee3e5701382fc5f71bca331d53902680f3a,3196.924359,Optical,e92bab2eef9ee23dc696cd258d4c433a2e100841b6992ef174c34ae7b9756e4f
100,500,,True,184.3136509375,91,16,1.0,32,,True,fixed_hash,0,0,16,Future,7.799020100006601,11345.092070306222,2269.0184140612446,3,57,3344c0c3c0c9b70bc2c9ecb9b0b1665cf3cc67c01f47d150d7a2cee978833f87,mixed,54,20260912T112329583061Z-s21117-G-c553df4b,uniform,187144eec2a987a691c8120e92bf975a0c78434aea8655e8b5ec8af661a1dfad,21117,879d22e75ae099462ddfb7a6032b9ee3e5701382fc5f71bca331d53902680f3a,2949.018415,FutureAnchor,647c7e229ba59fae93958e3e8163c8df0930392c823c3a96e07fa684dc474c39
113,565,,True,290.6294871818182,106,11,1.0,22,,True,fixed_hash,7,0,11,OpticalRoute,6.625741700001527,12354.621798252234,2470.9243596504466,0,33,3344c0c3c0c9b70bc2c9ecb9b0b1665cf3cc67c01f47d150d7a2cee978833f87,mixed,32,20260912T112333031126Z-s21118-G-d654aae8,uniform,d036a6ece22bee3dbd8b1c9facd1f87dc2867b73e13cee43536bf246c08ba0be,21118,879d22e75ae099462ddfb7a6032b9ee3e5701382fc5f71bca331d53902680f3a,3196.924359,OpticalRoute,1d06f25226f371818df5ddb816a3ba97ddb467814551275892eb521928098687
113,565,,True,290.61289636363637,106,11,1.0,22,,True,fixed_hash,6,0,11,Optical,6.527964000008069,12353.709299875813,2470.7418599751627,0,33,3344c0c3c0c9b70bc2c9ecb9b0b1665cf3cc67c01f47d150d7a2cee978833f87,mixed,32,20260912T112333496289Z-s21118-G-68e81a9e,uniform,d036a6ece22bee3dbd8b1c9facd1f87dc2867b73e13cee43536bf246c08ba0be,21118,879d22e75ae099462ddfb7a6032b9ee3e5701382fc5f71bca331d53902680f3a,3196.74186,OpticalTail,62c0a1c67064dd6aa80ea3b8353670afdb62faefb35b34cbe2974079b7184b30
112,560,,True,245.55521153846152,108,13,1.0,26,,True,fixed_hash,0,0,13,Gplus,5.553622200008249,12281.088749483579,2456.2177498967158,1,42,3344c0c3c0c9b70bc2c9ecb9b0b1665cf3cc67c01f47d150d7a2cee978833f87,mixed,40,20260912T112337078819Z-s21119-G-5c1c6f1e,uniform,22378f077b32fd755d4453c1603ecfb7e67832da2b04a3a499dbef179db615e4,21119,879d22e75ae099462ddfb7a6032b9ee3e5701382fc5f71bca331d53902680f3a,3192.21775,Gplus,8415bde2ec5df89a72a65911c0bfd8a7d5ad306da146f80eb7207232f2cd0f4f
112,560,,True,245.55521153846152,108,13,1.0,26,,True,fixed_hash,0,0,13,Route,5.693357200012542,12281.088749483579,2456.2177498967158,1,42,3344c0c3c0c9b70bc2c9ecb9b0b1665cf3cc67c01f47d150d7a2cee978833f87,mixed,40,20260912T112337636729Z-s21119-G-dd0e7e88,uniform,22378f077b32fd755d4453c1603ecfb7e67832da2b04a3a499dbef179db615e4,21119,879d22e75ae099462ddfb7a6032b9ee3e5701382fc5f71bca331d53902680f3a,3192.21775,RouteOrder,7c61cba261b6c1f96d32ec131e22c54c39d8a742f4c25f2bad4d4a349c554c54
112,560,,True,245.6590043076923,108,13,1.0,26,,True,fixed_hash,7,0,13,Optical,6.1190360999898985,12272.83527886468,2454.5670557729363,2,45,3344c0c3c0c9b70bc2c9ecb9b0b1665cf3cc67c01f47d150d7a2cee978833f87,mixed,41,20260912T112337517522Z-s21119-G-0bd7f009,uniform,22378f077b32fd755d4453c1603ecfb7e67832da2b04a3a499dbef179db615e4,21119,879d22e75ae099462ddfb7a6032b9ee3e5701382fc5f71bca331d53902680f3a,3193.567056,Optical,e92bab2eef9ee23dc696cd258d4c433a2e100841b6992ef174c34ae7b9756e4f
115,575,,True,285.51316063636364,106,11,1.0,22,,True,fixed_hash,0,0,11,Future,7.668745399991167,12008.223829650677,2401.6447659301352,1,36,3344c0c3c0c9b70bc2c9ecb9b0b1665cf3cc67c01f47d150d7a2cee978833f87,mixed,34,20260912T112336714241Z-s21118-G-d702f62d,uniform,d036a6ece22bee3dbd8b1c9facd1f87dc2867b73e13cee43536bf246c08ba0be,21118,879d22e75ae099462ddfb7a6032b9ee3e5701382fc5f71bca331d53902680f3a,3140.644767,FutureAnchor,647c7e229ba59fae93958e3e8163c8df0930392c823c3a96e07fa684dc474c39
112,560,,True,245.6590043076923,108,13,1.0,26,,True,fixed_hash,7,0,13,OpticalRoute,6.020475299999816,12272.83527886468,2454.5670557729363,2,45,3344c0c3c0c9b70bc2c9ecb9b0b1665cf3cc67c01f47d150d7a2cee978833f87,mixed,41,20260912T112339905891Z-s21119-G-606b9e3c,uniform,22378f077b32fd755d4453c1603ecfb7e67832da2b04a3a499dbef179db615e4,21119,879d22e75ae099462ddfb7a6032b9ee3e5701382fc5f71bca331d53902680f3a,3193.567056,OpticalRoute,1d06f25226f371818df5ddb816a3ba97ddb467814551275892eb521928098687
112,560,,True,245.7383656923077,108,13,1.0,26,,True,fixed_hash,7,0,13,Optical,6.290792400002829,12277.993763445098,2455.5987526890194,2,45,3344c0c3c0c9b70bc2c9ecb9b0b1665cf3cc67c01f47d150d7a2cee978833f87,mixed,41,20260912T112340259533Z-s21119-G-ec615e59,uniform,22378f077b32fd755d4453c1603ecfb7e67832da2b04a3a499dbef179db615e4,21119,879d22e75ae099462ddfb7a6032b9ee3e5701382fc5f71bca331d53902680f3a,3194.598754,OpticalTail,62c0a1c67064dd6aa80ea3b8353670afdb62faefb35b34cbe2974079b7184b30
113,565,,True,246.11312384615383,110,13,1.0,26,,True,fixed_hash,0,0,13,Future,5.975938699994003,12297.35304137408,2459.4706082748157,0,39,3344c0c3c0c9b70bc2c9ecb9b0b1665cf3cc67c01f47d150d7a2cee978833f87,mixed,41,20260912T112342925339Z-s21119-G-7b26a9a6,uniform,22378f077b32fd755d4453c1603ecfb7e67832da2b04a3a499dbef179db615e4,21119,879d22e75ae099462ddfb7a6032b9ee3e5701382fc5f71bca331d53902680f3a,3199.47061,FutureAnchor,647c7e229ba59fae93958e3e8163c8df0930392c823c3a96e07fa684dc474c39
95,475,,True,207.3676604,92,15,1.0,30,,True,fixed_hash,0,0,15,Gplus,6.054067799996119,12342.574538175215,2468.514907635043,0,45,3344c0c3c0c9b70bc2c9ecb9b0b1665cf3cc67c01f47d150d7a2cee978833f87,mixed,43,20260912T112343563012Z-s21120-G-76b1919c,uniform,c685d98bf73a7ff0956921a69fe39fc8d8f290c3f2fd0209281a389ffe961b87,21120,879d22e75ae099462ddfb7a6032b9ee3e5701382fc5f71bca331d53902680f3a,3110.514906,Gplus,8415bde2ec5df89a72a65911c0bfd8a7d5ad306da146f80eb7207232f2cd0f4f
95,475,,True,206.9124506,92,15,1.0,30,,True,fixed_hash,4,0,15,Optical,6.37699080001039,12308.433794547525,2461.686758909505,0,45,3344c0c3c0c9b70bc2c9ecb9b0b1665cf3cc67c01f47d150d7a2cee978833f87,mixed,43,20260912T112343881993Z-s21120-G-e1261fbf,uniform,c685d98bf73a7ff0956921a69fe39fc8d8f290c3f2fd0209281a389ffe961b87,21120,879d22e75ae099462ddfb7a6032b9ee3e5701382fc5f71bca331d53902680f3a,3103.686759,Optical,e92bab2eef9ee23dc696cd258d4c433a2e100841b6992ef174c34ae7b9756e4f
95,475,,True,207.3676604,92,15,1.0,30,,True,fixed_hash,0,0,15,Route,5.888226699986262,12342.574538175215,2468.514907635043,0,45,3344c0c3c0c9b70bc2c9ecb9b0b1665cf3cc67c01f47d150d7a2cee978833f87,mixed,43,20260912T112344671980Z-s21120-G-1398f3c2,uniform,c685d98bf73a7ff0956921a69fe39fc8d8f290c3f2fd0209281a389ffe961b87,21120,879d22e75ae099462ddfb7a6032b9ee3e5701382fc5f71bca331d53902680f3a,3110.514906,RouteOrder,7c61cba261b6c1f96d32ec131e22c54c39d8a742f4c25f2bad4d4a349c554c54
95,475,,True,206.9124506,92,15,1.0,30,,True,fixed_hash,4,0,15,OpticalRoute,6.40457339999557,12308.433794547525,2461.686758909505,0,45,3344c0c3c0c9b70bc2c9ecb9b0b1665cf3cc67c01f47d150d7a2cee978833f87,mixed,43,20260912T112346164601Z-s21120-G-b1a2b534,uniform,c685d98bf73a7ff0956921a69fe39fc8d8f290c3f2fd0209281a389ffe961b87,21120,879d22e75ae099462ddfb7a6032b9ee3e5701382fc5f71bca331d53902680f3a,3103.686759,OpticalRoute,1d06f25226f371818df5ddb816a3ba97ddb467814551275892eb521928098687
95,475,,True,206.88552466666667,92,15,1.0,30,,True,fixed_hash,4,0,15,Optical,6.382807800007868,12306.414343048062,2461.2828686096123,0,45,3344c0c3c0c9b70bc2c9ecb9b0b1665cf3cc67c01f47d150d7a2cee978833f87,mixed,43,20260912T112346784585Z-s21120-G-6b3c7495,uniform,c685d98bf73a7ff0956921a69fe39fc8d8f290c3f2fd0209281a389ffe961b87,21120,879d22e75ae099462ddfb7a6032b9ee3e5701382fc5f71bca331d53902680f3a,3103.28287,OpticalTail,62c0a1c67064dd6aa80ea3b8353670afdb62faefb35b34cbe2974079b7184b30
113,565,,True,260.51135680000004,108,10,1.0,20,,True,fixed_hash,0,0,10,Gplus,5.396361699997215,9410.567842123372,1882.1135684246742,0,30,3344c0c3c0c9b70bc2c9ecb9b0b1665cf3cc67c01f47d150d7a2cee978833f87,mixed,27,20260912T112349881582Z-s21121-G-41ccd12c,uniform,c665eab95e4a8a06601f94ea60407e4b5452025321bbb7520a83206e7155c7f4,21121,879d22e75ae099462ddfb7a6032b9ee3e5701382fc5f71bca331d53902680f3a,2605.113568,Gplus,8415bde2ec5df89a72a65911c0bfd8a7d5ad306da146f80eb7207232f2cd0f4f
113,565,,True,260.51135680000004,108,10,1.0,20,,True,fixed_hash,0,0,10,Route,5.216339299993706,9410.567842123372,1882.1135684246742,0,30,3344c0c3c0c9b70bc2c9ecb9b0b1665cf3cc67c01f47d150d7a2cee978833f87,mixed,27,20260912T112350812458Z-s21121-G-fb983ed9,uniform,c665eab95e4a8a06601f94ea60407e4b5452025321bbb7520a83206e7155c7f4,21121,879d22e75ae099462ddfb7a6032b9ee3e5701382fc5f71bca331d53902680f3a,2605.113568,RouteOrder,7c61cba261b6c1f96d32ec131e22c54c39d8a742f4c25f2bad4d4a349c554c54
113,565,,True,260.7741529,108,10,1.0,20,,True,fixed_hash,5,0,10,Optical,5.685039000003599,9408.707643208238,1881.7415286416476,1,33,3344c0c3c0c9b70bc2c9ecb9b0b1665cf3cc67c01f47d150d7a2cee978833f87,mixed,28,20260912T112350474573Z-s21121-G-97642d94,uniform,c665eab95e4a8a06601f94ea60407e4b5452025321bbb7520a83206e7155c7f4,21121,879d22e75ae099462ddfb7a6032b9ee3e5701382fc5f71bca331d53902680f3a,2607.741529,Optical,e92bab2eef9ee23dc696cd258d4c433a2e100841b6992ef174c34ae7b9756e4f
99,495,,True,206.85928493333333,92,15,1.0,30,,True,fixed_hash,0,0,15,Future,8.307676100012031,12204.446382835376,2440.8892765670753,0,45,3344c0c3c0c9b70bc2c9ecb9b0b1665cf3cc67c01f47d150d7a2cee978833f87,mixed,47,20260912T112349218048Z-s21120-G-0399a2bf,uniform,c685d98bf73a7ff0956921a69fe39fc8d8f290c3f2fd0209281a389ffe961b87,21120,879d22e75ae099462ddfb7a6032b9ee3e5701382fc5f71bca331d53902680f3a,3102.889274,FutureAnchor,647c7e229ba59fae93958e3e8163c8df0930392c823c3a96e07fa684dc474c39
113,565,,True,260.7741529,108,10,1.0,20,,True,fixed_hash,5,0,10,OpticalRoute,5.750053600000683,9408.707643208238,1881.7415286416476,1,33,3344c0c3c0c9b70bc2c9ecb9b0b1665cf3cc67c01f47d150d7a2cee978833f87,mixed,28,20260912T112352780404Z-s21121-G-bbfc26b9,uniform,c665eab95e4a8a06601f94ea60407e4b5452025321bbb7520a83206e7155c7f4,21121,879d22e75ae099462ddfb7a6032b9ee3e5701382fc5f71bca331d53902680f3a,2607.741529,OpticalRoute,1d06f25226f371818df5ddb816a3ba97ddb467814551275892eb521928098687
113,565,,True,260.214356,108,10,1.0,20,,True,fixed_hash,4,0,10,Optical,5.721496300000581,9395.717799152815,1879.143559830563,0,30,3344c0c3c0c9b70bc2c9ecb9b0b1665cf3cc67c01f47d150d7a2cee978833f87,mixed,27,20260912T112353399345Z-s21121-G-310f0410,uniform,c665eab95e4a8a06601f94ea60407e4b5452025321bbb7520a83206e7155c7f4,21121,879d22e75ae099462ddfb7a6032b9ee3e5701382fc5f71bca331d53902680f3a,2602.14356,OpticalTail,62c0a1c67064dd6aa80ea3b8353670afdb62faefb35b34cbe2974079b7184b30
116,580,,True,263.7933109,110,10,1.0,20,,True,fixed_hash,0,0,10,Future,6.054669799996191,9474.66555000709,1894.933110001418,1,33,3344c0c3c0c9b70bc2c9ecb9b0b1665cf3cc67c01f47d150d7a2cee978833f87,mixed,30,20260912T112355533185Z-s21121-G-955be4a8,uniform,c665eab95e4a8a06601f94ea60407e4b5452025321bbb7520a83206e7155c7f4,21121,879d22e75ae099462ddfb7a6032b9ee3e5701382fc5f71bca331d53902680f3a,2637.933109,FutureAnchor,647c7e229ba59fae93958e3e8163c8df0930392c823c3a96e07fa684dc474c39
111,555,,True,245.231041,106,11,1.0,22,,True,fixed_hash,0,0,11,Gplus,5.834563399999752,9907.707252659824,1981.5414505319648,0,33,3344c0c3c0c9b70bc2c9ecb9b0b1665cf3cc67c01f47d150d7a2cee978833f87,mixed,38,20260912T112356261389Z-s21122-G-67406045,uniform,9aa0e66d891d95e097bd00454fa21b56f71583ef416fb4445647fce10dfc773b,21122,879d22e75ae099462ddfb7a6032b9ee3e5701382fc5f71bca331d53902680f3a,2697.541451,Gplus,8415bde2ec5df89a72a65911c0bfd8a7d5ad306da146f80eb7207232f2cd0f4f
111,555,,True,245.66713054545454,106,11,1.0,22,,True,fixed_hash,7,0,11,Optical,6.410160600004019,9916.692184003898,1983.3384368007796,1,36,3344c0c3c0c9b70bc2c9ecb9b0b1665cf3cc67c01f47d150d7a2cee978833f87,mixed,39,20260912T112356486475Z-s21122-G-6d4621e8,uniform,9aa0e66d891d95e097bd00454fa21b56f71583ef416fb4445647fce10dfc773b,21122,879d22e75ae099462ddfb7a6032b9ee3e5701382fc5f71bca331d53902680f3a,2702.338436,Optical,e92bab2eef9ee23dc696cd258d4c433a2e100841b6992ef174c34ae7b9756e4f
111,555,,True,245.231041,106,11,1.0,22,,True,fixed_hash,0,0,11,Route,5.626832900001318,9907.707252659824,1981.5414505319648,0,33,3344c0c3c0c9b70bc2c9ecb9b0b1665cf3cc67c01f47d150d7a2cee978833f87,mixed,38,20260912T112357744401Z-s21122-G-e942fc9f,uniform,9aa0e66d891d95e097bd00454fa21b56f71583ef416fb4445647fce10dfc773b,21122,879d22e75ae099462ddfb7a6032b9ee3e5701382fc5f71bca331d53902680f3a,2697.541451,RouteOrder,7c61cba261b6c1f96d32ec131e22c54c39d8a742f4c25f2bad4d4a349c554c54
111,555,,True,245.66713054545454,106,11,1.0,22,,True,fixed_hash,7,0,11,OpticalRoute,6.341964999999618,9916.692184003898,1983.3384368007796,1,36,3344c0c3c0c9b70bc2c9ecb9b0b1665cf3cc67c01f47d150d7a2cee978833f87,mixed,39,20260912T112358797624Z-s21122-G-efc6057f,uniform,9aa0e66d891d95e097bd00454fa21b56f71583ef416fb4445647fce10dfc773b,21122,879d22e75ae099462ddfb7a6032b9ee3e5701382fc5f71bca331d53902680f3a,2702.338436,OpticalRoute,1d06f25226f371818df5ddb816a3ba97ddb467814551275892eb521928098687
111,555,,True,245.66713054545454,106,11,1.0,22,,True,fixed_hash,7,0,11,Optical,6.0924640000012005,9916.692184003898,1983.3384368007796,1,36,3344c0c3c0c9b70bc2c9ecb9b0b1665cf3cc67c01f47d150d7a2cee978833f87,mixed,39,20260912T112359397720Z-s21122-G-a7793635,uniform,9aa0e66d891d95e097bd00454fa21b56f71583ef416fb4445647fce10dfc773b,21122,879d22e75ae099462ddfb7a6032b9ee3e5701382fc5f71bca331d53902680f3a,2702.338436,OpticalTail,62c0a1c67064dd6aa80ea3b8353670afdb62faefb35b34cbe2974079b7184b30
114,570,,True,247.60131945454543,108,11,1.0,22,,True,fixed_hash,0,0,11,Future,6.976368300005561,9953.072559361679,1990.6145118723357,0,33,3344c0c3c0c9b70bc2c9ecb9b0b1665cf3cc67c01f47d150d7a2cee978833f87,mixed,41,20260912T112401827321Z-s21122-G-a42cc774,uniform,9aa0e66d891d95e097bd00454fa21b56f71583ef416fb4445647fce10dfc773b,21122,879d22e75ae099462ddfb7a6032b9ee3e5701382fc5f71bca331d53902680f3a,2723.614514,FutureAnchor,647c7e229ba59fae93958e3e8163c8df0930392c823c3a96e07fa684dc474c39
110,550,,True,240.38039633333335,103,15,1.0,30,,True,fixed_hash,0,0,15,Gplus,9.133405899992795,14388.529725756895,2877.7059451513787,0,45,3344c0c3c0c9b70bc2c9ecb9b0b1665cf3cc67c01f47d150d7a2cee978833f87,mixed,51,20260912T112402425836Z-s21123-G-559b85a5,uniform,b51a167265c16fd90f09637128ad7d2df3e6332f75ddeb2bfc2da159912201eb,21123,879d22e75ae099462ddfb7a6032b9ee3e5701382fc5f71bca331d53902680f3a,3605.705945,Gplus,8415bde2ec5df89a72a65911c0bfd8a7d5ad306da146f80eb7207232f2cd0f4f
110,550,,True,240.38039633333335,103,15,1.0,30,,True,fixed_hash,0,0,15,Route,9.204823499996564,14388.529725756895,2877.7059451513787,0,45,3344c0c3c0c9b70bc2c9ecb9b0b1665cf3cc67c01f47d150d7a2cee978833f87,mixed,51,20260912T112403616664Z-s21123-G-ab2fdb5d,uniform,b51a167265c16fd90f09637128ad7d2df3e6332f75ddeb2bfc2da159912201eb,21123,879d22e75ae099462ddfb7a6032b9ee3e5701382fc5f71bca331d53902680f3a,3605.705945,RouteOrder,7c61cba261b6c1f96d32ec131e22c54c39d8a742f4c25f2bad4d4a349c554c54
110,550,,True,240.76632186666666,103,15,1.0,30,,True,fixed_hash,10,0,15,Optical,9.786047800007509,14387.474139025246,2877.494827805049,2,51,3344c0c3c0c9b70bc2c9ecb9b0b1665cf3cc67c01f47d150d7a2cee978833f87,mixed,53,20260912T112403180509Z-s21123-G-9a2f49e0,uniform,b51a167265c16fd90f09637128ad7d2df3e6332f75ddeb2bfc2da159912201eb,21123,879d22e75ae099462ddfb7a6032b9ee3e5701382fc5f71bca331d53902680f3a,3611.494828,Optical,e92bab2eef9ee23dc696cd258d4c433a2e100841b6992ef174c34ae7b9756e4f
110,550,,True,240.76632186666666,103,15,1.0,30,,True,fixed_hash,10,0,15,OpticalRoute,9.614174599992111,14387.474139025246,2877.494827805049,2,51,3344c0c3c0c9b70bc2c9ecb9b0b1665cf3cc67c01f47d150d7a2cee978833f87,mixed,53,20260912T112405400921Z-s21123-G-d4092674,uniform,b51a167265c16fd90f09637128ad7d2df3e6332f75ddeb2bfc2da159912201eb,21123,879d22e75ae099462ddfb7a6032b9ee3e5701382fc5f71bca331d53902680f3a,3611.494828,OpticalRoute,1d06f25226f371818df5ddb816a3ba97ddb467814551275892eb521928098687
110,550,,True,240.77515566666668,103,15,1.0,30,,True,fixed_hash,10,0,15,Optical,9.628189399998519,14388.136676598542,2877.6273353197084,2,51,3344c0c3c0c9b70bc2c9ecb9b0b1665cf3cc67c01f47d150d7a2cee978833f87,mixed,53,20260912T112405878120Z-s21123-G-3116fff5,uniform,b51a167265c16fd90f09637128ad7d2df3e6332f75ddeb2bfc2da159912201eb,21123,879d22e75ae099462ddfb7a6032b9ee3e5701382fc5f71bca331d53902680f3a,3611.627335,OpticalTail,62c0a1c67064dd6aa80ea3b8353670afdb62faefb35b34cbe2974079b7184b30
107,535,,True,242.46473175000003,100,12,1.0,24,,True,fixed_hash,0,0,12,Gplus,7.080831600003876,11072.883897025959,2214.5767794051917,0,36,3344c0c3c0c9b70bc2c9ecb9b0b1665cf3cc67c01f47d150d7a2cee978833f87,mixed,40,20260912T112411797048Z-s21124-G-4e5fa8cd,uniform,cc8d345de0bdd65345a8a6f1f18fb002ac501283b598fd91ffe6376eebb3d7b4,21124,879d22e75ae099462ddfb7a6032b9ee3e5701382fc5f71bca331d53902680f3a,2909.576781,Gplus,8415bde2ec5df89a72a65911c0bfd8a7d5ad306da146f80eb7207232f2cd0f4f
111,555,,True,241.57537820000002,103,15,1.0,30,,True,fixed_hash,0,0,15,Future,10.422194099999615,14453.153377171784,2890.630675434357,0,45,3344c0c3c0c9b70bc2c9ecb9b0b1665cf3cc67c01f47d150d7a2cee978833f87,mixed,52,20260912T112409038005Z-s21123-G-0e9369d2,uniform,b51a167265c16fd90f09637128ad7d2df3e6332f75ddeb2bfc2da159912201eb,21123,879d22e75ae099462ddfb7a6032b9ee3e5701382fc5f71bca331d53902680f3a,3623.630673,FutureAnchor,647c7e229ba59fae93958e3e8163c8df0930392c823c3a96e07fa684dc474c39
107,535,,True,242.46473175000003,100,12,1.0,24,,True,fixed_hash,0,0,12,Route,7.124784999992698,11072.883897025959,2214.5767794051917,0,36,3344c0c3c0c9b70bc2c9ecb9b0b1665cf3cc67c01f47d150d7a2cee978833f87,mixed,40,20260912T112413197405Z-s21124-G-f8b2568a,uniform,cc8d345de0bdd65345a8a6f1f18fb002ac501283b598fd91ffe6376eebb3d7b4,21124,879d22e75ae099462ddfb7a6032b9ee3e5701382fc5f71bca331d53902680f3a,2909.576781,RouteOrder,7c61cba261b6c1f96d32ec131e22c54c39d8a742f4c25f2bad4d4a349c554c54
107,535,,True,242.67263475000001,98,12,1.0,24,,True,fixed_hash,8,0,12,Optical,7.973029900007532,11065.358090969232,2213.0716181938465,2,42,3344c0c3c0c9b70bc2c9ecb9b0b1665cf3cc67c01f47d150d7a2cee978833f87,mixed,42,20260912T112413057490Z-s21124-G-b55ef8d3,uniform,cc8d345de0bdd65345a8a6f1f18fb002ac501283b598fd91ffe6376eebb3d7b4,21124,879d22e75ae099462ddfb7a6032b9ee3e5701382fc5f71bca331d53902680f3a,2912.071617,Optical,e92bab2eef9ee23dc696cd258d4c433a2e100841b6992ef174c34ae7b9756e4f
107,535,,True,242.67263475000001,98,12,1.0,24,,True,fixed_hash,8,0,12,OpticalRoute,7.6416243000130635,11065.358090969232,2213.0716181938465,2,42,3344c0c3c0c9b70bc2c9ecb9b0b1665cf3cc67c01f47d150d7a2cee978833f87,mixed,42,20260912T112415259666Z-s21124-G-d37b2d67,uniform,cc8d345de0bdd65345a8a6f1f18fb002ac501283b598fd91ffe6376eebb3d7b4,21124,879d22e75ae099462ddfb7a6032b9ee3e5701382fc5f71bca331d53902680f3a,2912.071617,OpticalRoute,1d06f25226f371818df5ddb816a3ba97ddb467814551275892eb521928098687
107,535,,True,242.1022515,98,12,1.0,24,,True,fixed_hash,6,0,12,Optical,7.700182100001257,11061.13508478531,2212.227016957062,0,36,3344c0c3c0c9b70bc2c9ecb9b0b1665cf3cc67c01f47d150d7a2cee978833f87,mixed,40,20260912T112415757068Z-s21124-G-3b99af6a,uniform,cc8d345de0bdd65345a8a6f1f18fb002ac501283b598fd91ffe6376eebb3d7b4,21124,879d22e75ae099462ddfb7a6032b9ee3e5701382fc5f71bca331d53902680f3a,2905.227018,OpticalTail,62c0a1c67064dd6aa80ea3b8353670afdb62faefb35b34cbe2974079b7184b30
107,535,,True,234.33746653846154,103,13,1.0,26,,True,fixed_hash,0,0,13,Gplus,6.735753100001602,11701.935321246301,2340.38706424926,1,42,3344c0c3c0c9b70bc2c9ecb9b0b1665cf3cc67c01f47d150d7a2cee978833f87,mixed,39,20260912T112419711247Z-s21125-G-4cc1c7a5,uniform,19737bb2e1c055119ed4c070da7dcd13dff4e453b1f01c2881abf7f3f1d091f7,21125,879d22e75ae099462ddfb7a6032b9ee3e5701382fc5f71bca331d53902680f3a,3046.387065,Gplus,8415bde2ec5df89a72a65911c0bfd8a7d5ad306da146f80eb7207232f2cd0f4f
107,535,,True,243.40285566666668,100,12,1.0,24,,True,fixed_hash,0,0,12,Future,7.688128499998129,11129.171333266897,2225.8342666533795,0,36,3344c0c3c0c9b70bc2c9ecb9b0b1665cf3cc67c01f47d150d7a2cee978833f87,mixed,40,20260912T112419132257Z-s21124-G-e65d07e2,uniform,cc8d345de0bdd65345a8a6f1f18fb002ac501283b598fd91ffe6376eebb3d7b4,21124,879d22e75ae099462ddfb7a6032b9ee3e5701382fc5f71bca331d53902680f3a,2920.834268,FutureAnchor,647c7e229ba59fae93958e3e8163c8df0930392c823c3a96e07fa684dc474c39
107,535,,True,234.33746653846154,103,13,1.0,26,,True,fixed_hash,0,0,13,Route,6.485958000004757,11701.935321246301,2340.38706424926,1,42,3344c0c3c0c9b70bc2c9ecb9b0b1665cf3cc67c01f47d150d7a2cee978833f87,mixed,39,20260912T112421270700Z-s21125-G-471d1ea2,uniform,19737bb2e1c055119ed4c070da7dcd13dff4e453b1f01c2881abf7f3f1d091f7,21125,879d22e75ae099462ddfb7a6032b9ee3e5701382fc5f71bca331d53902680f3a,3046.387065,RouteOrder,7c61cba261b6c1f96d32ec131e22c54c39d8a742f4c25f2bad4d4a349c554c54
107,535,,True,234.19019407692306,103,13,1.0,26,,True,fixed_hash,12,0,13,Optical,7.367175899998983,11662.36262179544,2332.4725243590883,3,48,3344c0c3c0c9b70bc2c9ecb9b0b1665cf3cc67c01f47d150d7a2cee978833f87,mixed,41,20260912T112420536145Z-s21125-G-fb9ce2f7,uniform,19737bb2e1c055119ed4c070da7dcd13dff4e453b1f01c2881abf7f3f1d091f7,21125,879d22e75ae099462ddfb7a6032b9ee3e5701382fc5f71bca331d53902680f3a,3044.472523,Optical,e92bab2eef9ee23dc696cd258d4c433a2e100841b6992ef174c34ae7b9756e4f
107,535,,True,234.19019407692306,103,13,1.0,26,,True,fixed_hash,12,0,13,OpticalRoute,7.443220300003304,11662.36262179544,2332.4725243590883,3,48,3344c0c3c0c9b70bc2c9ecb9b0b1665cf3cc67c01f47d150d7a2cee978833f87,mixed,41,20260912T112423155615Z-s21125-G-629cd824,uniform,19737bb2e1c055119ed4c070da7dcd13dff4e453b1f01c2881abf7f3f1d091f7,21125,879d22e75ae099462ddfb7a6032b9ee3e5701382fc5f71bca331d53902680f3a,3044.472523,OpticalRoute,1d06f25226f371818df5ddb816a3ba97ddb467814551275892eb521928098687
107,535,,True,234.0186436923077,103,13,1.0,26,,True,fixed_hash,10,0,13,Optical,7.323612500011222,11666.211836125642,2333.2423672251284,2,45,3344c0c3c0c9b70bc2c9ecb9b0b1665cf3cc67c01f47d150d7a2cee978833f87,mixed,40,20260912T112423751732Z-s21125-G-8f081789,uniform,19737bb2e1c055119ed4c070da7dcd13dff4e453b1f01c2881abf7f3f1d091f7,21125,879d22e75ae099462ddfb7a6032b9ee3e5701382fc5f71bca331d53902680f3a,3042.242368,OpticalTail,62c0a1c67064dd6aa80ea3b8353670afdb62faefb35b34cbe2974079b7184b30
122,610,,True,225.26028321428572,110,14,1.0,28,,True,fixed_hash,0,0,14,Gplus,7.519483799987938,11818.219827694982,2363.6439655389963,0,42,3344c0c3c0c9b70bc2c9ecb9b0b1665cf3cc67c01f47d150d7a2cee978833f87,mixed,45,20260912T112427087289Z-s21126-G-55a8d88b,uniform,a4ceb3eea887ab53b6de9150d9d43058f681c4ea083a630a306c600731259b98,21126,879d22e75ae099462ddfb7a6032b9ee3e5701382fc5f71bca331d53902680f3a,3153.643965,Gplus,8415bde2ec5df89a72a65911c0bfd8a7d5ad306da146f80eb7207232f2cd0f4f
111,555,,True,238.9600143846154,104,13,1.0,26,,True,fixed_hash,0,0,13,Future,8.236404199997196,11897.400929300999,2379.4801858601995,1,42,3344c0c3c0c9b70bc2c9ecb9b0b1665cf3cc67c01f47d150d7a2cee978833f87,mixed,43,20260912T112426698778Z-s21125-G-b5b40e81,uniform,19737bb2e1c055119ed4c070da7dcd13dff4e453b1f01c2881abf7f3f1d091f7,21125,879d22e75ae099462ddfb7a6032b9ee3e5701382fc5f71bca331d53902680f3a,3106.480187,FutureAnchor,647c7e229ba59fae93958e3e8163c8df0930392c823c3a96e07fa684dc474c39
122,610,,True,225.26028321428572,110,14,1.0,28,,True,fixed_hash,0,0,14,Route,7.463792900001863,11818.219827694982,2363.6439655389963,0,42,3344c0c3c0c9b70bc2c9ecb9b0b1665cf3cc67c01f47d150d7a2cee978833f87,mixed,45,20260912T112428180689Z-s21126-G-cff7e706,uniform,a4ceb3eea887ab53b6de9150d9d43058f681c4ea083a630a306c600731259b98,21126,879d22e75ae099462ddfb7a6032b9ee3e5701382fc5f71bca331d53902680f3a,3153.643965,RouteOrder,7c61cba261b6c1f96d32ec131e22c54c39d8a742f4c25f2bad4d4a349c554c54
123,615,,True,226.358004,111,14,1.0,28,,True,fixed_hash,7,0,14,Optical,8.02498819999164,11850.060285673731,2370.012057134746,1,45,3344c0c3c0c9b70bc2c9ecb9b0b1665cf3cc67c01f47d150d7a2cee978833f87,mixed,47,20260912T112428021109Z-s21126-G-19407974,uniform,a4ceb3eea887ab53b6de9150d9d43058f681c4ea083a630a306c600731259b98,21126,879d22e75ae099462ddfb7a6032b9ee3e5701382fc5f71bca331d53902680f3a,3169.012056,Optical,e92bab2eef9ee23dc696cd258d4c433a2e100841b6992ef174c34ae7b9756e4f
123,615,,True,226.358004,111,14,1.0,28,,True,fixed_hash,7,0,14,OpticalRoute,7.968854600010673,11850.060285673731,2370.012057134746,1,45,3344c0c3c0c9b70bc2c9ecb9b0b1665cf3cc67c01f47d150d7a2cee978833f87,mixed,47,20260912T112430838704Z-s21126-G-e303583b,uniform,a4ceb3eea887ab53b6de9150d9d43058f681c4ea083a630a306c600731259b98,21126,879d22e75ae099462ddfb7a6032b9ee3e5701382fc5f71bca331d53902680f3a,3169.012056,OpticalRoute,1d06f25226f371818df5ddb816a3ba97ddb467814551275892eb521928098687
123,615,,True,226.36789542857144,111,14,1.0,28,,True,fixed_hash,7,0,14,Optical,8.012280399998417,11850.75268520338,2370.150537040676,1,45,3344c0c3c0c9b70bc2c9ecb9b0b1665cf3cc67c01f47d150d7a2cee978833f87,mixed,47,20260912T112431334176Z-s21126-G-3b41963a,uniform,a4ceb3eea887ab53b6de9150d9d43058f681c4ea083a630a306c600731259b98,21126,879d22e75ae099462ddfb7a6032b9ee3e5701382fc5f71bca331d53902680f3a,3169.150536,OpticalTail,62c0a1c67064dd6aa80ea3b8353670afdb62faefb35b34cbe2974079b7184b30
96,480,,True,219.314778,91,14,1.0,28,,True,fixed_hash,0,0,14,Gplus,5.437288699991768,12147.034471522109,2429.4068943044217,0,42,3344c0c3c0c9b70bc2c9ecb9b0b1665cf3cc67c01f47d150d7a2cee978833f87,mixed,38,20260912T112435160443Z-s21127-G-6457fe0e,uniform,fd47d421df514335edc9ed21a4d059000b5e128bf14bde904746917993ff48c5,21127,879d22e75ae099462ddfb7a6032b9ee3e5701382fc5f71bca331d53902680f3a,3070.406892,Gplus,8415bde2ec5df89a72a65911c0bfd8a7d5ad306da146f80eb7207232f2cd0f4f
96,480,,True,219.314778,91,14,1.0,28,,True,fixed_hash,0,0,14,Route,5.475515699989046,12147.034471522109,2429.4068943044217,0,42,3344c0c3c0c9b70bc2c9ecb9b0b1665cf3cc67c01f47d150d7a2cee978833f87,mixed,38,20260912T112436300284Z-s21127-G-9b2c9130,uniform,fd47d421df514335edc9ed21a4d059000b5e128bf14bde904746917993ff48c5,21127,879d22e75ae099462ddfb7a6032b9ee3e5701382fc5f71bca331d53902680f3a,3070.406892,RouteOrder,7c61cba261b6c1f96d32ec131e22c54c39d8a742f4c25f2bad4d4a349c554c54
102,510,,True,227.66510357142857,94,14,1.0,28,,True,fixed_hash,10,0,14,Optical,6.683615000001737,12536.557249507443,2507.3114499014887,2,48,3344c0c3c0c9b70bc2c9ecb9b0b1665cf3cc67c01f47d150d7a2cee978833f87,mixed,41,20260912T112435892486Z-s21127-G-d131b1d2,uniform,fd47d421df514335edc9ed21a4d059000b5e128bf14bde904746917993ff48c5,21127,879d22e75ae099462ddfb7a6032b9ee3e5701382fc5f71bca331d53902680f3a,3187.31145,Optical,e92bab2eef9ee23dc696cd258d4c433a2e100841b6992ef174c34ae7b9756e4f
123,615,,True,225.73929585714285,113,14,1.0,28,,True,fixed_hash,0,0,14,Future,8.719726099996478,11811.75071444286,2362.350142888572,0,42,3344c0c3c0c9b70bc2c9ecb9b0b1665cf3cc67c01f47d150d7a2cee978833f87,mixed,46,20260912T112434849232Z-s21126-G-8f0a3f06,uniform,a4ceb3eea887ab53b6de9150d9d43058f681c4ea083a630a306c600731259b98,21126,879d22e75ae099462ddfb7a6032b9ee3e5701382fc5f71bca331d53902680f3a,3160.350142,FutureAnchor,647c7e229ba59fae93958e3e8163c8df0930392c823c3a96e07fa684dc474c39
96,480,,True,219.53537264285714,91,14,1.0,28,,True,fixed_hash,10,0,14,Optical,6.335009899994475,12132.476090095926,2426.4952180191854,2,48,3344c0c3c0c9b70bc2c9ecb9b0b1665cf3cc67c01f47d150d7a2cee978833f87,mixed,40,20260912T112439590161Z-s21127-G-a703330a,uniform,fd47d421df514335edc9ed21a4d059000b5e128bf14bde904746917993ff48c5,21127,879d22e75ae099462ddfb7a6032b9ee3e5701382fc5f71bca331d53902680f3a,3073.495217,OpticalTail,62c0a1c67064dd6aa80ea3b8353670afdb62faefb35b34cbe2974079b7184b30
102,510,,True,227.66510357142857,94,14,1.0,28,,True,fixed_hash,10,0,14,OpticalRoute,6.888000899998588,12536.557249507443,2507.3114499014887,2,48,3344c0c3c0c9b70bc2c9ecb9b0b1665cf3cc67c01f47d150d7a2cee978833f87,mixed,41,20260912T112439048520Z-s21127-G-2c12a622,uniform,fd47d421df514335edc9ed21a4d059000b5e128bf14bde904746917993ff48c5,21127,879d22e75ae099462ddfb7a6032b9ee3e5701382fc5f71bca331d53902680f3a,3187.31145,OpticalRoute,1d06f25226f371818df5ddb816a3ba97ddb467814551275892eb521928098687
99,495,,True,220.79743871428573,91,14,1.0,28,,True,fixed_hash,0,0,14,Future,7.570294799996191,12175.82071591203,2435.164143182406,0,42,3344c0c3c0c9b70bc2c9ecb9b0b1665cf3cc67c01f47d150d7a2cee978833f87,mixed,41,20260912T112440828853Z-s21127-G-0cbce228,uniform,fd47d421df514335edc9ed21a4d059000b5e128bf14bde904746917993ff48c5,21127,879d22e75ae099462ddfb7a6032b9ee3e5701382fc5f71bca331d53902680f3a,3091.164142,FutureAnchor,647c7e229ba59fae93958e3e8163c8df0930392c823c3a96e07fa684dc474c39
117,585,,True,260.12805936363634,110,11,1.0,22,,True,fixed_hash,0,0,11,Gplus,6.813339000000269,10557.043263368569,2111.4086526737137,0,33,3344c0c3c0c9b70bc2c9ecb9b0b1665cf3cc67c01f47d150d7a2cee978833f87,mixed,33,20260912T112442037157Z-s21128-G-76786676,uniform,a094edb71308851e10ee773bb2778b619be23c5725b19fe45dab7d1d8455a4d6,21128,879d22e75ae099462ddfb7a6032b9ee3e5701382fc5f71bca331d53902680f3a,2861.408653,Gplus,8415bde2ec5df89a72a65911c0bfd8a7d5ad306da146f80eb7207232f2cd0f4f
117,585,,True,258.1915016363636,110,11,1.0,22,,True,fixed_hash,8,0,11,Optical,7.468309599993518,10450.532586174759,2090.1065172349518,0,33,3344c0c3c0c9b70bc2c9ecb9b0b1665cf3cc67c01f47d150d7a2cee978833f87,mixed,33,20260912T112442811635Z-s21128-G-e305ca20,uniform,a094edb71308851e10ee773bb2778b619be23c5725b19fe45dab7d1d8455a4d6,21128,879d22e75ae099462ddfb7a6032b9ee3e5701382fc5f71bca331d53902680f3a,2840.106518,Optical,e92bab2eef9ee23dc696cd258d4c433a2e100841b6992ef174c34ae7b9756e4f
117,585,,True,260.12805936363634,110,11,1.0,22,,True,fixed_hash,0,0,11,Route,6.671684100001585,10557.043263368569,2111.4086526737137,0,33,3344c0c3c0c9b70bc2c9ecb9b0b1665cf3cc67c01f47d150d7a2cee978833f87,mixed,33,20260912T112443798767Z-s21128-G-ff345243,uniform,a094edb71308851e10ee773bb2778b619be23c5725b19fe45dab7d1d8455a4d6,21128,879d22e75ae099462ddfb7a6032b9ee3e5701382fc5f71bca331d53902680f3a,2861.408653,RouteOrder,7c61cba261b6c1f96d32ec131e22c54c39d8a742f4c25f2bad4d4a349c554c54
117,585,,True,260.15673745454546,110,11,1.0,22,,True,fixed_hash,9,0,11,Optical,7.520258299991838,10543.620552993118,2108.7241105986236,1,36,3344c0c3c0c9b70bc2c9ecb9b0b1665cf3cc67c01f47d150d7a2cee978833f87,mixed,34,20260912T112446200556Z-s21128-G-f5b7fcc0,uniform,a094edb71308851e10ee773bb2778b619be23c5725b19fe45dab7d1d8455a4d6,21128,879d22e75ae099462ddfb7a6032b9ee3e5701382fc5f71bca331d53902680f3a,2861.724112,OpticalTail,62c0a1c67064dd6aa80ea3b8353670afdb62faefb35b34cbe2974079b7184b30
117,585,,True,258.1915016363636,110,11,1.0,22,,True,fixed_hash,8,0,11,OpticalRoute,7.670021300000371,10450.532586174759,2090.1065172349518,0,33,3344c0c3c0c9b70bc2c9ecb9b0b1665cf3cc67c01f47d150d7a2cee978833f87,mixed,33,20260912T112446198943Z-s21128-G-70c69457,uniform,a094edb71308851e10ee773bb2778b619be23c5725b19fe45dab7d1d8455a4d6,21128,879d22e75ae099462ddfb7a6032b9ee3e5701382fc5f71bca331d53902680f3a,2840.106518,OpticalRoute,1d06f25226f371818df5ddb816a3ba97ddb467814551275892eb521928098687
119,595,,True,268.5927857272727,112,11,1.0,22,,True,fixed_hash,0,0,11,Future,7.811905700000352,10947.603220644392,2189.5206441288783,1,36,3344c0c3c0c9b70bc2c9ecb9b0b1665cf3cc67c01f47d150d7a2cee978833f87,mixed,35,20260912T112448611777Z-s21128-G-cab0fc5c,uniform,a094edb71308851e10ee773bb2778b619be23c5725b19fe45dab7d1d8455a4d6,21128,879d22e75ae099462ddfb7a6032b9ee3e5701382fc5f71bca331d53902680f3a,2954.520643,FutureAnchor,647c7e229ba59fae93958e3e8163c8df0930392c823c3a96e07fa684dc474c39
104,520,,True,227.78790466666666,94,15,1.0,30,,True,fixed_hash,0,0,15,Gplus,7.989845300005982,13639.092838278078,2727.818567655616,0,45,3344c0c3c0c9b70bc2c9ecb9b0b1665cf3cc67c01f47d150d7a2cee978833f87,mixed,45,20260912T112449108994Z-s21129-G-e2f478f4,uniform,2572a33167b5b20cc522bc90402d66da9808ef0bef60472c5b3d9d979edebfc2,21129,879d22e75ae099462ddfb7a6032b9ee3e5701382fc5f71bca331d53902680f3a,3416.81857,Gplus,8415bde2ec5df89a72a65911c0bfd8a7d5ad306da146f80eb7207232f2cd0f4f
104,520,,True,227.78790466666666,94,15,1.0,30,,True,fixed_hash,0,0,15,Route,7.883155800009263,13639.092838278078,2727.818567655616,0,45,3344c0c3c0c9b70bc2c9ecb9b0b1665cf3cc67c01f47d150d7a2cee978833f87,mixed,45,20260912T112450795494Z-s21129-G-6a4d8383,uniform,2572a33167b5b20cc522bc90402d66da9808ef0bef60472c5b3d9d979edebfc2,21129,879d22e75ae099462ddfb7a6032b9ee3e5701382fc5f71bca331d53902680f3a,3416.81857,RouteOrder,7c61cba261b6c1f96d32ec131e22c54c39d8a742f4c25f2bad4d4a349c554c54
104,520,,True,227.5527736,94,15,1.0,30,,True,fixed_hash,4,0,15,Optical,8.213223300001118,13621.458014406078,2724.2916028812156,0,45,3344c0c3c0c9b70bc2c9ecb9b0b1665cf3cc67c01f47d150d7a2cee978833f87,mixed,45,20260912T112450562915Z-s21129-G-b355262d,uniform,2572a33167b5b20cc522bc90402d66da9808ef0bef60472c5b3d9d979edebfc2,21129,879d22e75ae099462ddfb7a6032b9ee3e5701382fc5f71bca331d53902680f3a,3413.291604,Optical,e92bab2eef9ee23dc696cd258d4c433a2e100841b6992ef174c34ae7b9756e4f
104,520,,True,227.5527736,94,15,1.0,30,,True,fixed_hash,4,0,15,OpticalRoute,8.369982200005325,13621.458014406078,2724.2916028812156,0,45,3344c0c3c0c9b70bc2c9ecb9b0b1665cf3cc67c01f47d150d7a2cee978833f87,mixed,45,20260912T112454034450Z-s21129-G-2497d217,uniform,2572a33167b5b20cc522bc90402d66da9808ef0bef60472c5b3d9d979edebfc2,21129,879d22e75ae099462ddfb7a6032b9ee3e5701382fc5f71bca331d53902680f3a,3413.291604,OpticalRoute,1d06f25226f371818df5ddb816a3ba97ddb467814551275892eb521928098687
107,535,,True,250.07157820000003,102,10,1.0,20,,True,fixed_hash,0,0,10,Gplus,5.120525799997267,9068.578899841878,1813.7157799683755,0,30,3344c0c3c0c9b70bc2c9ecb9b0b1665cf3cc67c01f47d150d7a2cee978833f87,mixed,32,20260912T112457334470Z-s21130-G-8d09052e,uniform,de3251f4d674ff89fc3f9c3300b7d75f0f7079664d2375c3d41abef74cb5a8a1,21130,879d22e75ae099462ddfb7a6032b9ee3e5701382fc5f71bca331d53902680f3a,2500.715782,Gplus,8415bde2ec5df89a72a65911c0bfd8a7d5ad306da146f80eb7207232f2cd0f4f
104,520,,True,227.5527736,94,15,1.0,30,,True,fixed_hash,4,0,15,Optical,8.299576199991861,13621.458014406078,2724.2916028812156,0,45,3344c0c3c0c9b70bc2c9ecb9b0b1665cf3cc67c01f47d150d7a2cee978833f87,mixed,45,20260912T112454190802Z-s21129-G-b234e36a,uniform,2572a33167b5b20cc522bc90402d66da9808ef0bef60472c5b3d9d979edebfc2,21129,879d22e75ae099462ddfb7a6032b9ee3e5701382fc5f71bca331d53902680f3a,3413.291604,OpticalTail,62c0a1c67064dd6aa80ea3b8353670afdb62faefb35b34cbe2974079b7184b30
107,535,,True,250.07157820000003,102,10,1.0,20,,True,fixed_hash,0,0,10,Route,5.098710899997968,9068.578899841878,1813.7157799683755,0,30,3344c0c3c0c9b70bc2c9ecb9b0b1665cf3cc67c01f47d150d7a2cee978833f87,mixed,32,20260912T112459104650Z-s21130-G-e825bc2e,uniform,de3251f4d674ff89fc3f9c3300b7d75f0f7079664d2375c3d41abef74cb5a8a1,21130,879d22e75ae099462ddfb7a6032b9ee3e5701382fc5f71bca331d53902680f3a,2500.715782,RouteOrder,7c61cba261b6c1f96d32ec131e22c54c39d8a742f4c25f2bad4d4a349c554c54
107,535,,True,249.96191130000003,102,10,1.0,20,,True,fixed_hash,2,0,10,Optical,5.38515620000544,9063.09556169823,1812.619112339646,0,30,3344c0c3c0c9b70bc2c9ecb9b0b1665cf3cc67c01f47d150d7a2cee978833f87,mixed,32,20260912T112458980191Z-s21130-G-8c4367c0,uniform,de3251f4d674ff89fc3f9c3300b7d75f0f7079664d2375c3d41abef74cb5a8a1,21130,879d22e75ae099462ddfb7a6032b9ee3e5701382fc5f71bca331d53902680f3a,2499.619113,Optical,e92bab2eef9ee23dc696cd258d4c433a2e100841b6992ef174c34ae7b9756e4f
105,525,,True,227.96903926666667,94,15,1.0,30,,True,fixed_hash,0,0,15,Future,9.224531600004411,13627.67792884956,2725.535585769912,0,45,3344c0c3c0c9b70bc2c9ecb9b0b1665cf3cc67c01f47d150d7a2cee978833f87,mixed,46,20260912T112456665935Z-s21129-G-18f01288,uniform,2572a33167b5b20cc522bc90402d66da9808ef0bef60472c5b3d9d979edebfc2,21129,879d22e75ae099462ddfb7a6032b9ee3e5701382fc5f71bca331d53902680f3a,3419.535589,FutureAnchor,647c7e229ba59fae93958e3e8163c8df0930392c823c3a96e07fa684dc474c39
107,535,,True,249.96191130000003,102,10,1.0,20,,True,fixed_hash,2,0,10,OpticalRoute,5.250863199995365,9063.09556169823,1812.619112339646,0,30,3344c0c3c0c9b70bc2c9ecb9b0b1665cf3cc67c01f47d150d7a2cee978833f87,mixed,32,20260912T112502666450Z-s21130-G-7cc7f485,uniform,de3251f4d674ff89fc3f9c3300b7d75f0f7079664d2375c3d41abef74cb5a8a1,21130,879d22e75ae099462ddfb7a6032b9ee3e5701382fc5f71bca331d53902680f3a,2499.619113,OpticalRoute,1d06f25226f371818df5ddb816a3ba97ddb467814551275892eb521928098687
107,535,,True,249.96191130000003,102,10,1.0,20,,True,fixed_hash,2,0,10,Optical,5.361123599999701,9063.09556169823,1812.619112339646,0,30,3344c0c3c0c9b70bc2c9ecb9b0b1665cf3cc67c01f47d150d7a2cee978833f87,mixed,32,20260912T112502727527Z-s21130-G-3ca0c5d6,uniform,de3251f4d674ff89fc3f9c3300b7d75f0f7079664d2375c3d41abef74cb5a8a1,21130,879d22e75ae099462ddfb7a6032b9ee3e5701382fc5f71bca331d53902680f3a,2499.619113,OpticalTail,62c0a1c67064dd6aa80ea3b8353670afdb62faefb35b34cbe2974079b7184b30
108,540,,True,249.6178906,103,10,1.0,20,,True,fixed_hash,0,0,10,Future,5.96363119999296,9015.894524607193,1803.1789049214385,0,30,3344c0c3c0c9b70bc2c9ecb9b0b1665cf3cc67c01f47d150d7a2cee978833f87,mixed,33,20260912T112502752816Z-s21130-G-118f5629,uniform,de3251f4d674ff89fc3f9c3300b7d75f0f7079664d2375c3d41abef74cb5a8a1,21130,879d22e75ae099462ddfb7a6032b9ee3e5701382fc5f71bca331d53902680f3a,2496.178906,FutureAnchor,647c7e229ba59fae93958e3e8163c8df0930392c823c3a96e07fa684dc474c39
98,490,,True,199.02560592857142,94,14,1.0,28,,True,fixed_hash,0,0,14,Gplus,5.037359599999036,10646.792423369225,2129.358484673845,1,45,3344c0c3c0c9b70bc2c9ecb9b0b1665cf3cc67c01f47d150d7a2cee978833f87,mixed,38,20260912T112504522062Z-s21131-G-98469ee2,uniform,8cda2121679cac26163d87d03d1fa11d1d56845741b817ff2ecb60d62bcebb08,21131,879d22e75ae099462ddfb7a6032b9ee3e5701382fc5f71bca331d53902680f3a,2786.358483,Gplus,8415bde2ec5df89a72a65911c0bfd8a7d5ad306da146f80eb7207232f2cd0f4f
99,495,,True,202.59392207142858,94,14,1.0,28,,True,fixed_hash,9,0,14,Optical,5.995050199999241,10856.57454281664,2171.3149085633277,2,48,3344c0c3c0c9b70bc2c9ecb9b0b1665cf3cc67c01f47d150d7a2cee978833f87,mixed,40,20260912T112504662115Z-s21131-G-106db150,uniform,8cda2121679cac26163d87d03d1fa11d1d56845741b817ff2ecb60d62bcebb08,21131,879d22e75ae099462ddfb7a6032b9ee3e5701382fc5f71bca331d53902680f3a,2836.314909,Optical,e92bab2eef9ee23dc696cd258d4c433a2e100841b6992ef174c34ae7b9756e4f
98,490,,True,199.02560592857142,94,14,1.0,28,,True,fixed_hash,0,0,14,Route,5.025380099992617,10646.792423369225,2129.358484673845,1,45,3344c0c3c0c9b70bc2c9ecb9b0b1665cf3cc67c01f47d150d7a2cee978833f87,mixed,38,20260912T112506135960Z-s21131-G-6bbdd440,uniform,8cda2121679cac26163d87d03d1fa11d1d56845741b817ff2ecb60d62bcebb08,21131,879d22e75ae099462ddfb7a6032b9ee3e5701382fc5f71bca331d53902680f3a,2786.358483,RouteOrder,7c61cba261b6c1f96d32ec131e22c54c39d8a742f4c25f2bad4d4a349c554c54
99,495,,True,202.55173835714285,94,14,1.0,28,,True,fixed_hash,9,0,14,Optical,6.014119700004812,10853.621681143863,2170.7243362287727,2,48,3344c0c3c0c9b70bc2c9ecb9b0b1665cf3cc67c01f47d150d7a2cee978833f87,mixed,40,20260912T112508331174Z-s21131-G-bd2ddef7,uniform,8cda2121679cac26163d87d03d1fa11d1d56845741b817ff2ecb60d62bcebb08,21131,879d22e75ae099462ddfb7a6032b9ee3e5701382fc5f71bca331d53902680f3a,2835.724337,OpticalTail,62c0a1c67064dd6aa80ea3b8353670afdb62faefb35b34cbe2974079b7184b30
99,495,,True,202.59392207142858,94,14,1.0,28,,True,fixed_hash,9,0,14,OpticalRoute,6.1734899999864865,10856.57454281664,2171.3149085633277,2,48,3344c0c3c0c9b70bc2c9ecb9b0b1665cf3cc67c01f47d150d7a2cee978833f87,mixed,40,20260912T112508152296Z-s21131-G-1ff77fc5,uniform,8cda2121679cac26163d87d03d1fa11d1d56845741b817ff2ecb60d62bcebb08,21131,879d22e75ae099462ddfb7a6032b9ee3e5701382fc5f71bca331d53902680f3a,2836.314909,OpticalRoute,1d06f25226f371818df5ddb816a3ba97ddb467814551275892eb521928098687
102,510,,True,202.81706578571428,95,14,1.0,28,,True,fixed_hash,0,0,14,Future,6.140391799999634,10792.194610709066,2158.4389221418132,2,48,3344c0c3c0c9b70bc2c9ecb9b0b1665cf3cc67c01f47d150d7a2cee978833f87,mixed,42,20260912T112509004907Z-s21131-G-e76a57b7,uniform,8cda2121679cac26163d87d03d1fa11d1d56845741b817ff2ecb60d62bcebb08,21131,879d22e75ae099462ddfb7a6032b9ee3e5701382fc5f71bca331d53902680f3a,2839.438921,FutureAnchor,647c7e229ba59fae93958e3e8163c8df0930392c823c3a96e07fa684dc474c39
105,525,,True,222.98797353846155,99,13,1.0,26,,True,fixed_hash,0,0,13,Gplus,6.014498400007142,11049.21828333057,2209.843656666114,0,39,3344c0c3c0c9b70bc2c9ecb9b0b1665cf3cc67c01f47d150d7a2cee978833f87,mixed,42,20260912T112509839569Z-s21132-G-40b57f81,uniform,d0833a793c27c0d5ba7b12771625138900d5d2ec407032e3d454935a05272118,21132,879d22e75ae099462ddfb7a6032b9ee3e5701382fc5f71bca331d53902680f3a,2898.843656,Gplus,8415bde2ec5df89a72a65911c0bfd8a7d5ad306da146f80eb7207232f2cd0f4f
105,525,,True,222.83586946153844,99,13,1.0,26,,True,fixed_hash,2,0,13,Optical,6.284160700000939,11039.331515820744,2207.866303164149,0,39,3344c0c3c0c9b70bc2c9ecb9b0b1665cf3cc67c01f47d150d7a2cee978833f87,mixed,42,20260912T112510927387Z-s21132-G-85b43807,uniform,d0833a793c27c0d5ba7b12771625138900d5d2ec407032e3d454935a05272118,21132,879d22e75ae099462ddfb7a6032b9ee3e5701382fc5f71bca331d53902680f3a,2896.866303,Optical,e92bab2eef9ee23dc696cd258d4c433a2e100841b6992ef174c34ae7b9756e4f
105,525,,True,222.98797353846155,99,13,1.0,26,,True,fixed_hash,0,0,13,Route,5.9950948000041535,11049.21828333057,2209.843656666114,0,39,3344c0c3c0c9b70bc2c9ecb9b0b1665cf3cc67c01f47d150d7a2cee978833f87,mixed,42,20260912T112511414382Z-s21132-G-c87a9207,uniform,d0833a793c27c0d5ba7b12771625138900d5d2ec407032e3d454935a05272118,21132,879d22e75ae099462ddfb7a6032b9ee3e5701382fc5f71bca331d53902680f3a,2898.843656,RouteOrder,7c61cba261b6c1f96d32ec131e22c54c39d8a742f4c25f2bad4d4a349c554c54
105,525,,True,222.83586946153844,99,13,1.0,26,,True,fixed_hash,2,0,13,OpticalRoute,5.909986600003322,11039.331515820744,2207.866303164149,0,39,3344c0c3c0c9b70bc2c9ecb9b0b1665cf3cc67c01f47d150d7a2cee978833f87,mixed,42,20260912T112514574382Z-s21132-G-35589767,uniform,d0833a793c27c0d5ba7b12771625138900d5d2ec407032e3d454935a05272118,21132,879d22e75ae099462ddfb7a6032b9ee3e5701382fc5f71bca331d53902680f3a,2896.866303,OpticalRoute,1d06f25226f371818df5ddb816a3ba97ddb467814551275892eb521928098687
105,525,,True,222.83586946153844,99,13,1.0,26,,True,fixed_hash,2,0,13,Optical,6.101304399999208,11039.331515820744,2207.866303164149,0,39,3344c0c3c0c9b70bc2c9ecb9b0b1665cf3cc67c01f47d150d7a2cee978833f87,mixed,42,20260912T112514574382Z-s21132-G-242d8070,uniform,d0833a793c27c0d5ba7b12771625138900d5d2ec407032e3d454935a05272118,21132,879d22e75ae099462ddfb7a6032b9ee3e5701382fc5f71bca331d53902680f3a,2896.866303,OpticalTail,62c0a1c67064dd6aa80ea3b8353670afdb62faefb35b34cbe2974079b7184b30
106,530,,True,217.5869613846154,99,13,1.0,26,,True,fixed_hash,0,0,13,Future,6.5934546000062255,10673.15249379661,2134.630498759322,0,39,3344c0c3c0c9b70bc2c9ecb9b0b1665cf3cc67c01f47d150d7a2cee978833f87,mixed,43,20260912T112515416309Z-s21132-G-1b2a80c3,uniform,d0833a793c27c0d5ba7b12771625138900d5d2ec407032e3d454935a05272118,21132,879d22e75ae099462ddfb7a6032b9ee3e5701382fc5f71bca331d53902680f3a,2828.630498,FutureAnchor,647c7e229ba59fae93958e3e8163c8df0930392c823c3a96e07fa684dc474c39
120,600,,True,262.05363354545455,110,11,1.0,22,,True,fixed_hash,0,0,11,Gplus,7.976713399999426,10587.949844126433,2117.5899688252866,0,33,3344c0c3c0c9b70bc2c9ecb9b0b1665cf3cc67c01f47d150d7a2cee978833f87,mixed,35,20260912T112516091716Z-s21133-G-0a8cddfd,uniform,d485d5fc49c4109c5fa003ae2b9c8b9e3835c54354406f02812f2703407279f5,21133,879d22e75ae099462ddfb7a6032b9ee3e5701382fc5f71bca331d53902680f3a,2882.589969,Gplus,8415bde2ec5df89a72a65911c0bfd8a7d5ad306da146f80eb7207232f2cd0f4f
120,600,,True,262.05363354545455,110,11,1.0,22,,True,fixed_hash,0,0,11,Route,7.898372399999062,10587.949844126433,2117.5899688252866,0,33,3344c0c3c0c9b70bc2c9ecb9b0b1665cf3cc67c01f47d150d7a2cee978833f87,mixed,35,20260912T112517646587Z-s21133-G-bf56da89,uniform,d485d5fc49c4109c5fa003ae2b9c8b9e3835c54354406f02812f2703407279f5,21133,879d22e75ae099462ddfb7a6032b9ee3e5701382fc5f71bca331d53902680f3a,2882.589969,RouteOrder,7c61cba261b6c1f96d32ec131e22c54c39d8a742f4c25f2bad4d4a349c554c54
120,600,,True,260.66008472727276,110,11,1.0,22,,True,fixed_hash,6,0,11,Optical,8.42974539998977,10511.30465205426,2102.260930410852,0,33,3344c0c3c0c9b70bc2c9ecb9b0b1665cf3cc67c01f47d150d7a2cee978833f87,mixed,35,20260912T112517435833Z-s21133-G-00de8cd8,uniform,d485d5fc49c4109c5fa003ae2b9c8b9e3835c54354406f02812f2703407279f5,21133,879d22e75ae099462ddfb7a6032b9ee3e5701382fc5f71bca331d53902680f3a,2867.260932,Optical,e92bab2eef9ee23dc696cd258d4c433a2e100841b6992ef174c34ae7b9756e4f
120,600,,True,260.66008472727276,110,11,1.0,22,,True,fixed_hash,6,0,11,OpticalRoute,8.585744600000908,10511.30465205426,2102.260930410852,0,33,3344c0c3c0c9b70bc2c9ecb9b0b1665cf3cc67c01f47d150d7a2cee978833f87,mixed,35,20260912T112520734714Z-s21133-G-63c6242b,uniform,d485d5fc49c4109c5fa003ae2b9c8b9e3835c54354406f02812f2703407279f5,21133,879d22e75ae099462ddfb7a6032b9ee3e5701382fc5f71bca331d53902680f3a,2867.260932,OpticalRoute,1d06f25226f371818df5ddb816a3ba97ddb467814551275892eb521928098687
121,605,,True,262.2412679090909,111,11,1.0,22,,True,fixed_hash,6,0,11,Optical,8.945446900004754,10553.269724171367,2110.6539448342733,1,36,3344c0c3c0c9b70bc2c9ecb9b0b1665cf3cc67c01f47d150d7a2cee978833f87,mixed,36,20260912T112520924083Z-s21133-G-0a6b97c3,uniform,d485d5fc49c4109c5fa003ae2b9c8b9e3835c54354406f02812f2703407279f5,21133,879d22e75ae099462ddfb7a6032b9ee3e5701382fc5f71bca331d53902680f3a,2884.653947,OpticalTail,62c0a1c67064dd6aa80ea3b8353670afdb62faefb35b34cbe2974079b7184b30
95,475,,True,198.8050903125,86,16,1.0,32,,True,fixed_hash,0,0,16,Gplus,6.9814847000088776,12699.40722606209,2539.881445212418,0,48,3344c0c3c0c9b70bc2c9ecb9b0b1665cf3cc67c01f47d150d7a2cee978833f87,mixed,53,20260912T112524322486Z-s21134-G-79f177b2,uniform,f8f3381b621baf29ea978e46f389d9dc35e62b5120047e3aef965f0d4509f7d8,21134,879d22e75ae099462ddfb7a6032b9ee3e5701382fc5f71bca331d53902680f3a,3180.881445,Gplus,8415bde2ec5df89a72a65911c0bfd8a7d5ad306da146f80eb7207232f2cd0f4f
122,610,,True,264.88636263636363,110,11,1.0,22,,True,fixed_hash,0,0,11,Future,9.283425300003728,10678.749934106303,2135.749986821261,1,36,3344c0c3c0c9b70bc2c9ecb9b0b1665cf3cc67c01f47d150d7a2cee978833f87,mixed,37,20260912T112522337351Z-s21133-G-c089e056,uniform,d485d5fc49c4109c5fa003ae2b9c8b9e3835c54354406f02812f2703407279f5,21133,879d22e75ae099462ddfb7a6032b9ee3e5701382fc5f71bca331d53902680f3a,2913.749989,FutureAnchor,647c7e229ba59fae93958e3e8163c8df0930392c823c3a96e07fa684dc474c39
95,475,,True,198.8050903125,86,16,1.0,32,,True,fixed_hash,0,0,16,Route,7.12555880000582,12699.40722606209,2539.881445212418,0,48,3344c0c3c0c9b70bc2c9ecb9b0b1665cf3cc67c01f47d150d7a2cee978833f87,mixed,53,20260912T112526103327Z-s21134-G-39ec97ba,uniform,f8f3381b621baf29ea978e46f389d9dc35e62b5120047e3aef965f0d4509f7d8,21134,879d22e75ae099462ddfb7a6032b9ee3e5701382fc5f71bca331d53902680f3a,3180.881445,RouteOrder,7c61cba261b6c1f96d32ec131e22c54c39d8a742f4c25f2bad4d4a349c554c54
94,470,,True,198.4493730625,85,16,1.0,32,,True,fixed_hash,7,0,16,Optical,7.629660899998271,12685.949835430696,2537.1899670861394,1,51,3344c0c3c0c9b70bc2c9ecb9b0b1665cf3cc67c01f47d150d7a2cee978833f87,mixed,53,20260912T112525836087Z-s21134-G-e41c1ae8,uniform,f8f3381b621baf29ea978e46f389d9dc35e62b5120047e3aef965f0d4509f7d8,21134,879d22e75ae099462ddfb7a6032b9ee3e5701382fc5f71bca331d53902680f3a,3175.189969,Optical,e92bab2eef9ee23dc696cd258d4c433a2e100841b6992ef174c34ae7b9756e4f
94,470,,True,198.4493730625,85,16,1.0,32,,True,fixed_hash,7,0,16,OpticalRoute,8.121326299995417,12685.949835430696,2537.1899670861394,1,51,3344c0c3c0c9b70bc2c9ecb9b0b1665cf3cc67c01f47d150d7a2cee978833f87,mixed,53,20260912T112529584343Z-s21134-G-997ba699,uniform,f8f3381b621baf29ea978e46f389d9dc35e62b5120047e3aef965f0d4509f7d8,21134,879d22e75ae099462ddfb7a6032b9ee3e5701382fc5f71bca331d53902680f3a,3175.189969,OpticalRoute,1d06f25226f371818df5ddb816a3ba97ddb467814551275892eb521928098687
94,470,,True,197.881162625,85,16,1.0,32,,True,fixed_hash,5,0,16,Optical,8.005431600002339,12655.493006941784,2531.0986013883567,0,48,3344c0c3c0c9b70bc2c9ecb9b0b1665cf3cc67c01f47d150d7a2cee978833f87,mixed,52,20260912T112530106783Z-s21134-G-345ef7ab,uniform,f8f3381b621baf29ea978e46f389d9dc35e62b5120047e3aef965f0d4509f7d8,21134,879d22e75ae099462ddfb7a6032b9ee3e5701382fc5f71bca331d53902680f3a,3166.098602,OpticalTail,62c0a1c67064dd6aa80ea3b8353670afdb62faefb35b34cbe2974079b7184b30
121,605,,True,296.5166841,113,10,1.0,20,,True,fixed_hash,0,0,10,Gplus,6.551037299999734,10985.834202060174,2197.1668404120346,0,30,3344c0c3c0c9b70bc2c9ecb9b0b1665cf3cc67c01f47d150d7a2cee978833f87,mixed,32,20260912T112531931039Z-s21135-G-6e3841d1,uniform,b14e3d095735f70249dffdcc35ed79929818eefff326b727bf9b2edc3478e8d9,21135,879d22e75ae099462ddfb7a6032b9ee3e5701382fc5f71bca331d53902680f3a,2965.166841,Gplus,8415bde2ec5df89a72a65911c0bfd8a7d5ad306da146f80eb7207232f2cd0f4f
121,605,,True,296.5166841,113,10,1.0,20,,True,fixed_hash,0,0,10,Optical,6.442195800002082,10985.834202060174,2197.1668404120346,0,30,3344c0c3c0c9b70bc2c9ecb9b0b1665cf3cc67c01f47d150d7a2cee978833f87,mixed,32,20260912T112533437625Z-s21135-G-e1e2c6cc,uniform,b14e3d095735f70249dffdcc35ed79929818eefff326b727bf9b2edc3478e8d9,21135,879d22e75ae099462ddfb7a6032b9ee3e5701382fc5f71bca331d53902680f3a,2965.166841,Optical,e92bab2eef9ee23dc696cd258d4c433a2e100841b6992ef174c34ae7b9756e4f
97,485,,True,199.549746875,87,16,1.0,32,,True,fixed_hash,0,0,16,Future,8.664357000001473,12703.979748988371,2540.7959497976744,0,48,3344c0c3c0c9b70bc2c9ecb9b0b1665cf3cc67c01f47d150d7a2cee978833f87,mixed,55,20260912T112531548622Z-s21134-G-bd1132b3,uniform,f8f3381b621baf29ea978e46f389d9dc35e62b5120047e3aef965f0d4509f7d8,21134,879d22e75ae099462ddfb7a6032b9ee3e5701382fc5f71bca331d53902680f3a,3192.79595,FutureAnchor,647c7e229ba59fae93958e3e8163c8df0930392c823c3a96e07fa684dc474c39
121,605,,True,296.5166841,113,10,1.0,20,,True,fixed_hash,0,0,10,Route,6.529078599996865,10985.834202060174,2197.1668404120346,0,30,3344c0c3c0c9b70bc2c9ecb9b0b1665cf3cc67c01f47d150d7a2cee978833f87,mixed,32,20260912T112533687150Z-s21135-G-c3b6b189,uniform,b14e3d095735f70249dffdcc35ed79929818eefff326b727bf9b2edc3478e8d9,21135,879d22e75ae099462ddfb7a6032b9ee3e5701382fc5f71bca331d53902680f3a,2965.166841,RouteOrder,7c61cba261b6c1f96d32ec131e22c54c39d8a742f4c25f2bad4d4a349c554c54
121,605,,True,296.5166841,113,10,1.0,20,,True,fixed_hash,0,0,10,OpticalRoute,6.395827799991821,10985.834202060174,2197.1668404120346,0,30,3344c0c3c0c9b70bc2c9ecb9b0b1665cf3cc67c01f47d150d7a2cee978833f87,mixed,32,20260912T112537959050Z-s21135-G-7e8bee99,uniform,b14e3d095735f70249dffdcc35ed79929818eefff326b727bf9b2edc3478e8d9,21135,879d22e75ae099462ddfb7a6032b9ee3e5701382fc5f71bca331d53902680f3a,2965.166841,OpticalRoute,1d06f25226f371818df5ddb816a3ba97ddb467814551275892eb521928098687
121,605,,True,296.5166841,113,10,1.0,20,,True,fixed_hash,0,0,10,Optical,6.041726900002686,10985.834202060174,2197.1668404120346,0,30,3344c0c3c0c9b70bc2c9ecb9b0b1665cf3cc67c01f47d150d7a2cee978833f87,mixed,32,20260912T112538334577Z-s21135-G-e23b8b2f,uniform,b14e3d095735f70249dffdcc35ed79929818eefff326b727bf9b2edc3478e8d9,21135,879d22e75ae099462ddfb7a6032b9ee3e5701382fc5f71bca331d53902680f3a,2965.166841,OpticalTail,62c0a1c67064dd6aa80ea3b8353670afdb62faefb35b34cbe2974079b7184b30
125,625,,True,300.0482095,119,10,1.0,20,,True,fixed_hash,0,0,10,Future,7.475284100000863,11032.410467002976,2206.482093400595,0,30,3344c0c3c0c9b70bc2c9ecb9b0b1665cf3cc67c01f47d150d7a2cee978833f87,mixed,36,20260912T112538720586Z-s21135-G-b287a529,uniform,b14e3d095735f70249dffdcc35ed79929818eefff326b727bf9b2edc3478e8d9,21135,879d22e75ae099462ddfb7a6032b9ee3e5701382fc5f71bca331d53902680f3a,3000.482095,FutureAnchor,647c7e229ba59fae93958e3e8163c8df0930392c823c3a96e07fa684dc474c39
103,515,,True,234.18650542857145,95,14,1.0,28,,True,fixed_hash,0,0,14,Gplus,6.718282000001636,12993.055388340086,2598.611077668017,0,42,3344c0c3c0c9b70bc2c9ecb9b0b1665cf3cc67c01f47d150d7a2cee978833f87,mixed,40,20260912T112540121194Z-s21136-G-328af71d,uniform,d34c7cbb3c42c9a6f1ba616612bced4f995c8d037895f9b0c02bad008c626f7c,21136,879d22e75ae099462ddfb7a6032b9ee3e5701382fc5f71bca331d53902680f3a,3278.611076,Gplus,8415bde2ec5df89a72a65911c0bfd8a7d5ad306da146f80eb7207232f2cd0f4f
103,515,,True,234.18650542857145,95,14,1.0,28,,True,fixed_hash,0,0,14,Route,7.2313992000126746,12993.055388340086,2598.611077668017,0,42,3344c0c3c0c9b70bc2c9ecb9b0b1665cf3cc67c01f47d150d7a2cee978833f87,mixed,40,20260912T112540554756Z-s21136-G-35da1015,uniform,d34c7cbb3c42c9a6f1ba616612bced4f995c8d037895f9b0c02bad008c626f7c,21136,879d22e75ae099462ddfb7a6032b9ee3e5701382fc5f71bca331d53902680f3a,3278.611076,RouteOrder,7c61cba261b6c1f96d32ec131e22c54c39d8a742f4c25f2bad4d4a349c554c54
103,515,,True,234.50408835714285,95,14,1.0,28,,True,fixed_hash,5,0,14,Optical,7.394075399992289,13000.286187285461,2600.057237457092,1,45,3344c0c3c0c9b70bc2c9ecb9b0b1665cf3cc67c01f47d150d7a2cee978833f87,mixed,41,20260912T112540527750Z-s21136-G-b9866830,uniform,d34c7cbb3c42c9a6f1ba616612bced4f995c8d037895f9b0c02bad008c626f7c,21136,879d22e75ae099462ddfb7a6032b9ee3e5701382fc5f71bca331d53902680f3a,3283.057237,Optical,e92bab2eef9ee23dc696cd258d4c433a2e100841b6992ef174c34ae7b9756e4f
108,540,,True,273.2833267,107,10,1.0,20,,True,fixed_hash,0,0,10,Gplus,4.285468800007948,10179.166342940118,2035.8332685880237,0,30,3344c0c3c0c9b70bc2c9ecb9b0b1665cf3cc67c01f47d150d7a2cee978833f87,mixed,27,20260912T112547132801Z-s21137-G-28ba4d59,uniform,eca038f733fe24fa16f90421c6075609f0b9713091824a085d5211e7edf44ff7,21137,879d22e75ae099462ddfb7a6032b9ee3e5701382fc5f71bca331d53902680f3a,2732.833267,Gplus,8415bde2ec5df89a72a65911c0bfd8a7d5ad306da146f80eb7207232f2cd0f4f
103,515,,True,234.50408835714285,95,14,1.0,28,,True,fixed_hash,5,0,14,OpticalRoute,7.549252500000875,13000.286187285461,2600.057237457092,1,45,3344c0c3c0c9b70bc2c9ecb9b0b1665cf3cc67c01f47d150d7a2cee978833f87,mixed,41,20260912T112544600574Z-s21136-G-f4405d5c,uniform,d34c7cbb3c42c9a6f1ba616612bced4f995c8d037895f9b0c02bad008c626f7c,21136,879d22e75ae099462ddfb7a6032b9ee3e5701382fc5f71bca331d53902680f3a,3283.057237,OpticalRoute,1d06f25226f371818df5ddb816a3ba97ddb467814551275892eb521928098687
103,515,,True,234.50408835714285,95,14,1.0,28,,True,fixed_hash,5,0,14,Optical,7.563447099993937,13000.286187285461,2600.057237457092,1,45,3344c0c3c0c9b70bc2c9ecb9b0b1665cf3cc67c01f47d150d7a2cee978833f87,mixed,41,20260912T112544617174Z-s21136-G-b063a3cb,uniform,d34c7cbb3c42c9a6f1ba616612bced4f995c8d037895f9b0c02bad008c626f7c,21136,879d22e75ae099462ddfb7a6032b9ee3e5701382fc5f71bca331d53902680f3a,3283.057237,OpticalTail,62c0a1c67064dd6aa80ea3b8353670afdb62faefb35b34cbe2974079b7184b30
108,540,,True,273.2833267,107,10,1.0,20,,True,fixed_hash,0,0,10,Route,4.260427799992613,10179.166342940118,2035.8332685880237,0,30,3344c0c3c0c9b70bc2c9ecb9b0b1665cf3cc67c01f47d150d7a2cee978833f87,mixed,27,20260912T112548257353Z-s21137-G-1d7fd4f7,uniform,eca038f733fe24fa16f90421c6075609f0b9713091824a085d5211e7edf44ff7,21137,879d22e75ae099462ddfb7a6032b9ee3e5701382fc5f71bca331d53902680f3a,2732.833267,RouteOrder,7c61cba261b6c1f96d32ec131e22c54c39d8a742f4c25f2bad4d4a349c554c54
108,540,,True,273.212948,107,10,1.0,20,,True,fixed_hash,9,0,10,Optical,4.7728426000103354,10160.647395498709,2032.1294790997417,1,33,3344c0c3c0c9b70bc2c9ecb9b0b1665cf3cc67c01f47d150d7a2cee978833f87,mixed,28,20260912T112548078401Z-s21137-G-f9961563,uniform,eca038f733fe24fa16f90421c6075609f0b9713091824a085d5211e7edf44ff7,21137,879d22e75ae099462ddfb7a6032b9ee3e5701382fc5f71bca331d53902680f3a,2732.12948,Optical,e92bab2eef9ee23dc696cd258d4c433a2e100841b6992ef174c34ae7b9756e4f
104,520,,True,231.84836871428573,96,14,1.0,28,,True,fixed_hash,0,0,14,Future,8.204143999988446,12799.385819869141,2559.8771639738284,0,42,3344c0c3c0c9b70bc2c9ecb9b0b1665cf3cc67c01f47d150d7a2cee978833f87,mixed,41,20260912T112546438845Z-s21136-G-ff081f3f,uniform,d34c7cbb3c42c9a6f1ba616612bced4f995c8d037895f9b0c02bad008c626f7c,21136,879d22e75ae099462ddfb7a6032b9ee3e5701382fc5f71bca331d53902680f3a,3245.877162,FutureAnchor,647c7e229ba59fae93958e3e8163c8df0930392c823c3a96e07fa684dc474c39
108,540,,True,273.212948,107,10,1.0,20,,True,fixed_hash,9,0,10,OpticalRoute,4.95498179999413,10160.647395498709,2032.1294790997417,1,33,3344c0c3c0c9b70bc2c9ecb9b0b1665cf3cc67c01f47d150d7a2cee978833f87,mixed,28,20260912T112551686085Z-s21137-G-bfb47e6b,uniform,eca038f733fe24fa16f90421c6075609f0b9713091824a085d5211e7edf44ff7,21137,879d22e75ae099462ddfb7a6032b9ee3e5701382fc5f71bca331d53902680f3a,2732.12948,OpticalRoute,1d06f25226f371818df5ddb816a3ba97ddb467814551275892eb521928098687
109,545,,True,274.0332962,107,10,1.0,20,,True,fixed_hash,0,0,10,Future,4.5917672000068706,10191.664821909677,2038.3329643819354,0,30,3344c0c3c0c9b70bc2c9ecb9b0b1665cf3cc67c01f47d150d7a2cee978833f87,mixed,28,20260912T112552453335Z-s21137-G-8c1d8358,uniform,eca038f733fe24fa16f90421c6075609f0b9713091824a085d5211e7edf44ff7,21137,879d22e75ae099462ddfb7a6032b9ee3e5701382fc5f71bca331d53902680f3a,2740.332962,FutureAnchor,647c7e229ba59fae93958e3e8163c8df0930392c823c3a96e07fa684dc474c39
104,520,,True,218.66844291666666,100,12,1.0,24,,True,fixed_hash,0,0,12,Gplus,4.65851749999274,9720.106566990466,1944.021313398093,0,36,3344c0c3c0c9b70bc2c9ecb9b0b1665cf3cc67c01f47d150d7a2cee978833f87,mixed,38,20260912T112552756414Z-s21138-G-77a3e851,uniform,00fc0304fa125c550233f33b0a792cf7865e585ef977e9c6420f77c70dd6563e,21138,879d22e75ae099462ddfb7a6032b9ee3e5701382fc5f71bca331d53902680f3a,2624.021315,Gplus,8415bde2ec5df89a72a65911c0bfd8a7d5ad306da146f80eb7207232f2cd0f4f
109,545,,True,273.49476599999997,108,10,1.0,20,,True,fixed_hash,9,0,10,Optical,5.308722800007672,10129.738306678448,2025.9476613356896,2,36,3344c0c3c0c9b70bc2c9ecb9b0b1665cf3cc67c01f47d150d7a2cee978833f87,mixed,29,20260912T112552418635Z-s21137-G-27a4c533,uniform,eca038f733fe24fa16f90421c6075609f0b9713091824a085d5211e7edf44ff7,21137,879d22e75ae099462ddfb7a6032b9ee3e5701382fc5f71bca331d53902680f3a,2734.94766,OpticalTail,62c0a1c67064dd6aa80ea3b8353670afdb62faefb35b34cbe2974079b7184b30
103,515,,True,218.43389,99,12,1.0,24,,True,fixed_hash,10,0,12,Optical,5.795378899987554,9706.033399739546,1941.2066799479094,2,42,3344c0c3c0c9b70bc2c9ecb9b0b1665cf3cc67c01f47d150d7a2cee978833f87,mixed,39,20260912T112553104653Z-s21138-G-31f6dd53,uniform,00fc0304fa125c550233f33b0a792cf7865e585ef977e9c6420f77c70dd6563e,21138,879d22e75ae099462ddfb7a6032b9ee3e5701382fc5f71bca331d53902680f3a,2621.20668,Optical,e92bab2eef9ee23dc696cd258d4c433a2e100841b6992ef174c34ae7b9756e4f
104,520,,True,218.66844291666666,100,12,1.0,24,,True,fixed_hash,0,0,12,Route,4.901105500000995,9720.106566990466,1944.021313398093,0,36,3344c0c3c0c9b70bc2c9ecb9b0b1665cf3cc67c01f47d150d7a2cee978833f87,mixed,38,20260912T112554882668Z-s21138-G-a53b6f9e,uniform,00fc0304fa125c550233f33b0a792cf7865e585ef977e9c6420f77c70dd6563e,21138,879d22e75ae099462ddfb7a6032b9ee3e5701382fc5f71bca331d53902680f3a,2624.021315,RouteOrder,7c61cba261b6c1f96d32ec131e22c54c39d8a742f4c25f2bad4d4a349c554c54
103,515,,True,218.43389,99,12,1.0,24,,True,fixed_hash,10,0,12,OpticalRoute,6.02019090000249,9706.033399739546,1941.2066799479094,2,42,3344c0c3c0c9b70bc2c9ecb9b0b1665cf3cc67c01f47d150d7a2cee978833f87,mixed,39,20260912T112556864844Z-s21138-G-31ea3ade,uniform,00fc0304fa125c550233f33b0a792cf7865e585ef977e9c6420f77c70dd6563e,21138,879d22e75ae099462ddfb7a6032b9ee3e5701382fc5f71bca331d53902680f3a,2621.20668,OpticalRoute,1d06f25226f371818df5ddb816a3ba97ddb467814551275892eb521928098687
104,520,,True,220.79987200000002,97,12,1.0,24,,True,fixed_hash,0,0,12,Future,5.449901800006046,9862.99231307651,1972.5984626153017,0,36,3344c0c3c0c9b70bc2c9ecb9b0b1665cf3cc67c01f47d150d7a2cee978833f87,mixed,38,20260912T112557635109Z-s21138-G-a77676c0,uniform,00fc0304fa125c550233f33b0a792cf7865e585ef977e9c6420f77c70dd6563e,21138,879d22e75ae099462ddfb7a6032b9ee3e5701382fc5f71bca331d53902680f3a,2649.598464,FutureAnchor,647c7e229ba59fae93958e3e8163c8df0930392c823c3a96e07fa684dc474c39
104,520,,True,218.93138341666668,100,12,1.0,24,,True,fixed_hash,9,0,12,Optical,5.997463699997752,9720.883002849743,1944.1766005699487,1,39,3344c0c3c0c9b70bc2c9ecb9b0b1665cf3cc67c01f47d150d7a2cee978833f87,mixed,39,20260912T112557282878Z-s21138-G-3addf38d,uniform,00fc0304fa125c550233f33b0a792cf7865e585ef977e9c6420f77c70dd6563e,21138,879d22e75ae099462ddfb7a6032b9ee3e5701382fc5f71bca331d53902680f3a,2627.176601,OpticalTail,62c0a1c67064dd6aa80ea3b8353670afdb62faefb35b34cbe2974079b7184b30
110,550,,True,223.78635076923078,104,13,1.0,26,,True,fixed_hash,0,0,13,Gplus,6.432133999987855,10951.112800086148,2190.2225600172296,0,39,3344c0c3c0c9b70bc2c9ecb9b0b1665cf3cc67c01f47d150d7a2cee978833f87,mixed,42,20260912T112557968309Z-s21139-G-5b0b24bc,uniform,0e2e9a0808a4679288fb3f5e1a43e127dbdc9635570819c3a0d9562452b78102,21139,879d22e75ae099462ddfb7a6032b9ee3e5701382fc5f71bca331d53902680f3a,2909.22256,Gplus,8415bde2ec5df89a72a65911c0bfd8a7d5ad306da146f80eb7207232f2cd0f4f
109,545,,True,223.96061846153847,103,13,1.0,26,,True,fixed_hash,12,0,13,Optical,7.20400189999782,10962.440210112441,2192.488042022488,2,45,3344c0c3c0c9b70bc2c9ecb9b0b1665cf3cc67c01f47d150d7a2cee978833f87,mixed,43,20260912T112559125153Z-s21139-G-3a89d507,uniform,0e2e9a0808a4679288fb3f5e1a43e127dbdc9635570819c3a0d9562452b78102,21139,879d22e75ae099462ddfb7a6032b9ee3e5701382fc5f71bca331d53902680f3a,2911.48804,Optical,e92bab2eef9ee23dc696cd258d4c433a2e100841b6992ef174c34ae7b9756e4f
110,550,,True,223.78635076923078,104,13,1.0,26,,True,fixed_hash,1,0,13,Route,6.308234900003299,10951.112800086148,2190.2225600172296,0,39,3344c0c3c0c9b70bc2c9ecb9b0b1665cf3cc67c01f47d150d7a2cee978833f87,mixed,42,20260912T112600035786Z-s21139-G-c0b33a56,uniform,0e2e9a0808a4679288fb3f5e1a43e127dbdc9635570819c3a0d9562452b78102,21139,879d22e75ae099462ddfb7a6032b9ee3e5701382fc5f71bca331d53902680f3a,2909.22256,RouteOrder,7c61cba261b6c1f96d32ec131e22c54c39d8a742f4c25f2bad4d4a349c554c54
112,560,,True,256.7658977,109,10,1.0,20,,True,fixed_hash,0,0,10,Gplus,4.696024600008968,9243.294885871373,1848.6589771742747,0,30,3344c0c3c0c9b70bc2c9ecb9b0b1665cf3cc67c01f47d150d7a2cee978833f87,mixed,32,20260912T112604651283Z-s21140-G-e165551c,uniform,ea2d03c16583b40a31978f7c65a586e7fad2c83652ad9f82bd107f8e4cabbe06,21140,879d22e75ae099462ddfb7a6032b9ee3e5701382fc5f71bca331d53902680f3a,2567.658977,Gplus,8415bde2ec5df89a72a65911c0bfd8a7d5ad306da146f80eb7207232f2cd0f4f
109,545,,True,223.96061846153847,103,13,1.0,26,,True,fixed_hash,13,0,13,OpticalRoute,7.040833899998688,10962.440210112441,2192.488042022488,2,45,3344c0c3c0c9b70bc2c9ecb9b0b1665cf3cc67c01f47d150d7a2cee978833f87,mixed,43,20260912T112603144349Z-s21139-G-b03d7432,uniform,0e2e9a0808a4679288fb3f5e1a43e127dbdc9635570819c3a0d9562452b78102,21139,879d22e75ae099462ddfb7a6032b9ee3e5701382fc5f71bca331d53902680f3a,2911.48804,OpticalRoute,1d06f25226f371818df5ddb816a3ba97ddb467814551275892eb521928098687
111,555,,True,224.100258,104,13,1.0,26,,True,fixed_hash,0,0,13,Future,6.849539199989522,10946.51676922016,2189.303353844032,0,39,3344c0c3c0c9b70bc2c9ecb9b0b1665cf3cc67c01f47d150d7a2cee978833f87,mixed,43,20260912T112603499458Z-s21139-G-9513be31,uniform,0e2e9a0808a4679288fb3f5e1a43e127dbdc9635570819c3a0d9562452b78102,21139,879d22e75ae099462ddfb7a6032b9ee3e5701382fc5f71bca331d53902680f3a,2913.303354,FutureAnchor,647c7e229ba59fae93958e3e8163c8df0930392c823c3a96e07fa684dc474c39
110,550,,True,223.93907753846153,104,13,1.0,26,,True,fixed_hash,14,0,13,Optical,7.141791200003354,10931.040045414707,2186.2080090829413,2,45,3344c0c3c0c9b70bc2c9ecb9b0b1665cf3cc67c01f47d150d7a2cee978833f87,mixed,44,20260912T112603337246Z-s21139-G-ddd252d0,uniform,0e2e9a0808a4679288fb3f5e1a43e127dbdc9635570819c3a0d9562452b78102,21139,879d22e75ae099462ddfb7a6032b9ee3e5701382fc5f71bca331d53902680f3a,2911.208008,OpticalTail,62c0a1c67064dd6aa80ea3b8353670afdb62faefb35b34cbe2974079b7184b30
112,560,,True,256.7658977,109,10,1.0,20,,True,fixed_hash,0,0,10,Route,4.696082900001784,9243.294885871373,1848.6589771742747,0,30,3344c0c3c0c9b70bc2c9ecb9b0b1665cf3cc67c01f47d150d7a2cee978833f87,mixed,32,20260912T112606628875Z-s21140-G-a90973fd,uniform,ea2d03c16583b40a31978f7c65a586e7fad2c83652ad9f82bd107f8e4cabbe06,21140,879d22e75ae099462ddfb7a6032b9ee3e5701382fc5f71bca331d53902680f3a,2567.658977,RouteOrder,7c61cba261b6c1f96d32ec131e22c54c39d8a742f4c25f2bad4d4a349c554c54
112,560,,True,256.2333605,109,10,1.0,20,,True,fixed_hash,6,0,10,Optical,5.353092200006358,9216.66802083932,1843.3336041678642,0,30,3344c0c3c0c9b70bc2c9ecb9b0b1665cf3cc67c01f47d150d7a2cee978833f87,mixed,32,20260912T112606598353Z-s21140-G-87d2174f,uniform,ea2d03c16583b40a31978f7c65a586e7fad2c83652ad9f82bd107f8e4cabbe06,21140,879d22e75ae099462ddfb7a6032b9ee3e5701382fc5f71bca331d53902680f3a,2562.333605,Optical,e92bab2eef9ee23dc696cd258d4c433a2e100841b6992ef174c34ae7b9756e4f
112,560,,True,256.2333605,109,10,1.0,20,,True,fixed_hash,6,0,10,OpticalRoute,5.465242299993406,9216.66802083932,1843.3336041678642,0,30,3344c0c3c0c9b70bc2c9ecb9b0b1665cf3cc67c01f47d150d7a2cee978833f87,mixed,32,20260912T112609587236Z-s21140-G-01cadc1e,uniform,ea2d03c16583b40a31978f7c65a586e7fad2c83652ad9f82bd107f8e4cabbe06,21140,879d22e75ae099462ddfb7a6032b9ee3e5701382fc5f71bca331d53902680f3a,2562.333605,OpticalRoute,1d06f25226f371818df5ddb816a3ba97ddb467814551275892eb521928098687
112,560,,True,255.82558020000002,109,10,1.0,20,,True,fixed_hash,6,0,10,Optical,5.4491457999974955,9196.279014213756,1839.2558028427513,0,30,3344c0c3c0c9b70bc2c9ecb9b0b1665cf3cc67c01f47d150d7a2cee978833f87,mixed,32,20260912T112610453907Z-s21140-G-2ef839c2,uniform,ea2d03c16583b40a31978f7c65a586e7fad2c83652ad9f82bd107f8e4cabbe06,21140,879d22e75ae099462ddfb7a6032b9ee3e5701382fc5f71bca331d53902680f3a,2558.255802,OpticalTail,62c0a1c67064dd6aa80ea3b8353670afdb62faefb35b34cbe2974079b7184b30
115,575,,True,256.7143922,111,10,1.0,20,,True,fixed_hash,0,0,10,Future,5.901282799997716,9155.719620458993,1831.1439240917985,0,30,3344c0c3c0c9b70bc2c9ecb9b0b1665cf3cc67c01f47d150d7a2cee978833f87,mixed,35,20260912T112610585756Z-s21140-G-99590782,uniform,ea2d03c16583b40a31978f7c65a586e7fad2c83652ad9f82bd107f8e4cabbe06,21140,879d22e75ae099462ddfb7a6032b9ee3e5701382fc5f71bca331d53902680f3a,2567.143922,FutureAnchor,647c7e229ba59fae93958e3e8163c8df0930392c823c3a96e07fa684dc474c39
