variant,seed,scenario,reception,error_mode,run_id,strategy_hash,parameter_hash,clear_count,jammer_count,clear_ratio,total_time,move_time,move_distance,RF_detection_count,RF_detection_time,channel_switch_time,optical_time,clear_time,optical_failed_count,completion_proved,client_error,measured_program_wall_time_s,average_localization_clear_time_s_per_source,variant_hash,scene_hash
direct_balanced,12101,uniform,mixed,fixed_hash,20260912T090215134742Z-s12101-G-6a9602e9,9ce494b264cc886891dcca475ab649a02a3c1b9ede0a087b25a481904d274603,66b91d427f3d3cf867c3c0655a9c6a665d491b885a854ee10cfda26d72a0095b,10,10,1.0,2363.902229,1699.9022262103895,8499.511131051948,103,515,99,30,20,0,True,,2.8068467999983113,236.39022289999997,bbd4ba60ca232b752b9bbe04e37df95c81d0442c6765b7643ddcb37059cdb7f8,81705a8eb1a39fbd29b29aa3960b46a13924867d9460ae79c3678364837cb0b4
tight_shared,12101,uniform,mixed,fixed_hash,20260912T090215169119Z-s12101-G-acd48fdd,9ce494b264cc886891dcca475ab649a02a3c1b9ede0a087b25a481904d274603,5f28316e3eb177fac0762917090bf305f39346b742ed5b1250d5925d8cbad870,10,10,1.0,2353.01476,1695.0147574113555,8475.073787056777,102,510,98,30,20,0,True,,2.8092501999926753,235.301476,6e84d03ae2684f508fde06167a2f1c0349e16393abbab0fa8911111ae217541d,81705a8eb1a39fbd29b29aa3960b46a13924867d9460ae79c3678364837cb0b4
G,12101,uniform,mixed,fixed_hash,20260912T090215127810Z-s12101-G-33ee3d09,9ce494b264cc886891dcca475ab649a02a3c1b9ede0a087b25a481904d274603,66b91d427f3d3cf867c3c0655a9c6a665d491b885a854ee10cfda26d72a0095b,10,10,1.0,2583.39366,1888.3936593651658,9441.96829682583,108,540,102,33,20,1,True,,3.079555699994671,258.33936600000004,b86e372656266059655318a0d78412a33495e50853782e3e3176ca6f4fc14972,81705a8eb1a39fbd29b29aa3960b46a13924867d9460ae79c3678364837cb0b4
combined,12101,uniform,mixed,fixed_hash,20260912T090215186708Z-s12101-G-5750e502,9ce494b264cc886891dcca475ab649a02a3c1b9ede0a087b25a481904d274603,3344c0c3c0c9b70bc2c9ecb9b0b1665cf3cc67c01f47d150d7a2cee978833f87,10,10,1.0,2384.107591,1721.1075876524035,8605.537938262018,103,515,98,30,20,0,True,,3.0347937000042293,238.4107591,56164611447697df6703db84d052dff5f0178e553dcbe62f402e2bc03215e6d8,81705a8eb1a39fbd29b29aa3960b46a13924867d9460ae79c3678364837cb0b4
mean_no_commit,12101,uniform,mixed,fixed_hash,20260912T090215210162Z-s12101-G-0533e235,9ce494b264cc886891dcca475ab649a02a3c1b9ede0a087b25a481904d274603,406d2c64289051b3c073155c29c269de2b145c4eba8d1b8206e6fc64617b0fe6,10,10,1.0,2363.210458,1693.210458142564,8466.05229071282,104,520,100,30,20,0,True,,3.012425799999619,236.3210458,e5a3db0395cbc00113a2994a698321b2165f1c7235bc9bcfbf28a771929f181f,81705a8eb1a39fbd29b29aa3960b46a13924867d9460ae79c3678364837cb0b4
no_commit,12101,uniform,mixed,fixed_hash,20260912T090215149837Z-s12101-G-18cb7ffe,9ce494b264cc886891dcca475ab649a02a3c1b9ede0a087b25a481904d274603,406d2c64289051b3c073155c29c269de2b145c4eba8d1b8206e6fc64617b0fe6,10,10,1.0,2365.643132,1696.6431290741098,8483.215645370548,104,520,99,30,20,0,True,,3.0878661000024294,236.56431320000002,59cd3e5ba151647232602dcd2c2b14dd3b67048e1b8fd6127a9a80106971989a,81705a8eb1a39fbd29b29aa3960b46a13924867d9460ae79c3678364837cb0b4
G,12102,uniform,mixed,fixed_hash,20260912T090215225295Z-s12102-G-7fa3a8b1,9ce494b264cc886891dcca475ab649a02a3c1b9ede0a087b25a481904d274603,66b91d427f3d3cf867c3c0655a9c6a665d491b885a854ee10cfda26d72a0095b,11,11,1.0,2855.314986,2176.3149840694423,10881.574920347211,105,525,99,33,22,0,True,,3.425000100003672,259.5740896363636,b86e372656266059655318a0d78412a33495e50853782e3e3176ca6f4fc14972,077f8906f166805bb79ca320322f0b3a3b3cea65692dedb0c4a50ff4e067340c
direct_balanced,12102,uniform,mixed,fixed_hash,20260912T090215234112Z-s12102-G-f52a295b,9ce494b264cc886891dcca475ab649a02a3c1b9ede0a087b25a481904d274603,66b91d427f3d3cf867c3c0655a9c6a665d491b885a854ee10cfda26d72a0095b,11,11,1.0,2843.488987,2164.4889864596034,10822.444932298018,105,525,99,33,22,0,True,,3.5467219999991357,258.49899881818186,bbd4ba60ca232b752b9bbe04e37df95c81d0442c6765b7643ddcb37059cdb7f8,077f8906f166805bb79ca320322f0b3a3b3cea65692dedb0c4a50ff4e067340c
no_commit,12102,uniform,mixed,fixed_hash,20260912T090218064344Z-s12102-G-4b91591a,9ce494b264cc886891dcca475ab649a02a3c1b9ede0a087b25a481904d274603,406d2c64289051b3c073155c29c269de2b145c4eba8d1b8206e6fc64617b0fe6,11,11,1.0,2778.827974,2103.827973873062,10519.13986936531,104,520,100,33,22,0,True,,3.1306344000040554,252.62072490909088,59cd3e5ba151647232602dcd2c2b14dd3b67048e1b8fd6127a9a80106971989a,077f8906f166805bb79ca320322f0b3a3b3cea65692dedb0c4a50ff4e067340c
tight_shared,12102,uniform,mixed,fixed_hash,20260912T090218100142Z-s12102-G-67b7e5c7,9ce494b264cc886891dcca475ab649a02a3c1b9ede0a087b25a481904d274603,5f28316e3eb177fac0762917090bf305f39346b742ed5b1250d5925d8cbad870,11,11,1.0,2839.308654,2166.308656037924,10831.543280189619,104,520,98,33,22,0,True,,3.470753900008276,258.11896854545455,6e84d03ae2684f508fde06167a2f1c0349e16393abbab0fa8911111ae217541d,077f8906f166805bb79ca320322f0b3a3b3cea65692dedb0c4a50ff4e067340c
mean_no_commit,12102,uniform,mixed,fixed_hash,20260912T090218350830Z-s12102-G-84bbaa03,9ce494b264cc886891dcca475ab649a02a3c1b9ede0a087b25a481904d274603,406d2c64289051b3c073155c29c269de2b145c4eba8d1b8206e6fc64617b0fe6,11,11,1.0,2763.995128,2088.995128328689,10444.975641643447,104,520,100,33,22,0,True,,3.2873007000016514,251.27228436363637,e5a3db0395cbc00113a2994a698321b2165f1c7235bc9bcfbf28a771929f181f,077f8906f166805bb79ca320322f0b3a3b3cea65692dedb0c4a50ff4e067340c
combined,12102,uniform,mixed,fixed_hash,20260912T090218337523Z-s12102-G-eb938c5b,9ce494b264cc886891dcca475ab649a02a3c1b9ede0a087b25a481904d274603,3344c0c3c0c9b70bc2c9ecb9b0b1665cf3cc67c01f47d150d7a2cee978833f87,11,11,1.0,2813.000731,2141.0007321183934,10705.003660591967,103,515,99,36,22,1,True,,3.4614856999978656,255.7273391818182,56164611447697df6703db84d052dff5f0178e553dcbe62f402e2bc03215e6d8,077f8906f166805bb79ca320322f0b3a3b3cea65692dedb0c4a50ff4e067340c
G,12103,uniform,mixed,fixed_hash,20260912T090218350830Z-s12103-G-43cc2e9a,9ce494b264cc886891dcca475ab649a02a3c1b9ede0a087b25a481904d274603,66b91d427f3d3cf867c3c0655a9c6a665d491b885a854ee10cfda26d72a0095b,16,16,1.0,3124.925581,2472.9255813025784,12364.627906512893,97,485,87,48,32,0,True,,3.609537900003488,195.3078488125,b86e372656266059655318a0d78412a33495e50853782e3e3176ca6f4fc14972,068ce4d7b74fe67255411ac01d8bdc4c2cc6528356164c3fc211e23fa4c7840f
direct_balanced,12103,uniform,mixed,fixed_hash,20260912T090218372498Z-s12103-G-f8c60152,9ce494b264cc886891dcca475ab649a02a3c1b9ede0a087b25a481904d274603,66b91d427f3d3cf867c3c0655a9c6a665d491b885a854ee10cfda26d72a0095b,16,16,1.0,3078.593108,2426.5931084070917,12132.965542035457,97,485,87,48,32,0,True,,3.9285841999953846,192.41206925,bbd4ba60ca232b752b9bbe04e37df95c81d0442c6765b7643ddcb37059cdb7f8,068ce4d7b74fe67255411ac01d8bdc4c2cc6528356164c3fc211e23fa4c7840f
tight_shared,12103,uniform,mixed,fixed_hash,20260912T090218897784Z-s12103-G-a4222d58,9ce494b264cc886891dcca475ab649a02a3c1b9ede0a087b25a481904d274603,5f28316e3eb177fac0762917090bf305f39346b742ed5b1250d5925d8cbad870,16,16,1.0,3071.239335,2424.2393365102666,12121.196682551334,96,480,87,48,32,0,True,,4.033334699997795,191.9524584375,6e84d03ae2684f508fde06167a2f1c0349e16393abbab0fa8911111ae217541d,068ce4d7b74fe67255411ac01d8bdc4c2cc6528356164c3fc211e23fa4c7840f
no_commit,12103,uniform,mixed,fixed_hash,20260912T090218773499Z-s12103-G-23d9da66,9ce494b264cc886891dcca475ab649a02a3c1b9ede0a087b25a481904d274603,406d2c64289051b3c073155c29c269de2b145c4eba8d1b8206e6fc64617b0fe6,16,16,1.0,3124.891257,2442.8912560472468,12214.456280236234,101,505,94,51,32,1,True,,4.297289800000726,195.3057035625,59cd3e5ba151647232602dcd2c2b14dd3b67048e1b8fd6127a9a80106971989a,068ce4d7b74fe67255411ac01d8bdc4c2cc6528356164c3fc211e23fa4c7840f
combined,12103,uniform,mixed,fixed_hash,20260912T090221308117Z-s12103-G-e685d057,9ce494b264cc886891dcca475ab649a02a3c1b9ede0a087b25a481904d274603,3344c0c3c0c9b70bc2c9ecb9b0b1665cf3cc67c01f47d150d7a2cee978833f87,16,16,1.0,3117.810605,2436.8106024705853,12184.053012352926,101,505,93,51,32,1,True,,4.340737099992111,194.8631628125,56164611447697df6703db84d052dff5f0178e553dcbe62f402e2bc03215e6d8,068ce4d7b74fe67255411ac01d8bdc4c2cc6528356164c3fc211e23fa4c7840f
direct_balanced,12104,uniform,mixed,fixed_hash,20260912T090221916262Z-s12104-G-0a172953,9ce494b264cc886891dcca475ab649a02a3c1b9ede0a087b25a481904d274603,66b91d427f3d3cf867c3c0655a9c6a665d491b885a854ee10cfda26d72a0095b,11,11,1.0,2915.169224,2128.1692232536093,10640.846116268047,123,615,117,33,22,0,True,,3.927844899997581,265.01538400000004,bbd4ba60ca232b752b9bbe04e37df95c81d0442c6765b7643ddcb37059cdb7f8,9414ed09e7b7cf70d3be02d422015b3cb620108fbde1e60d7afcc9066dabe23b
G,12104,uniform,mixed,fixed_hash,20260912T090221770866Z-s12104-G-cb0862e0,9ce494b264cc886891dcca475ab649a02a3c1b9ede0a087b25a481904d274603,66b91d427f3d3cf867c3c0655a9c6a665d491b885a854ee10cfda26d72a0095b,11,11,1.0,2903.081968,2106.0819660213847,10530.409830106924,125,625,117,33,22,0,True,,4.065273500003968,263.91654254545455,b86e372656266059655318a0d78412a33495e50853782e3e3176ca6f4fc14972,9414ed09e7b7cf70d3be02d422015b3cb620108fbde1e60d7afcc9066dabe23b
mean_no_commit,12103,uniform,mixed,fixed_hash,20260912T090221687683Z-s12103-G-a8562c17,9ce494b264cc886891dcca475ab649a02a3c1b9ede0a087b25a481904d274603,406d2c64289051b3c073155c29c269de2b145c4eba8d1b8206e6fc64617b0fe6,16,16,1.0,3167.058392,2489.0583912635825,12445.291956317913,101,505,93,48,32,0,True,,4.326272899998003,197.9411495,e5a3db0395cbc00113a2994a698321b2165f1c7235bc9bcfbf28a771929f181f,068ce4d7b74fe67255411ac01d8bdc4c2cc6528356164c3fc211e23fa4c7840f
no_commit,12104,uniform,mixed,fixed_hash,20260912T090222077452Z-s12104-G-b0c1b9c0,9ce494b264cc886891dcca475ab649a02a3c1b9ede0a087b25a481904d274603,406d2c64289051b3c073155c29c269de2b145c4eba8d1b8206e6fc64617b0fe6,11,11,1.0,2951.228077,2141.228076500183,10706.140382500915,126,630,122,36,22,1,True,,4.110624099994311,268.2934615454546,59cd3e5ba151647232602dcd2c2b14dd3b67048e1b8fd6127a9a80106971989a,9414ed09e7b7cf70d3be02d422015b3cb620108fbde1e60d7afcc9066dabe23b
tight_shared,12104,uniform,mixed,fixed_hash,20260912T090222415900Z-s12104-G-fdd85cb7,9ce494b264cc886891dcca475ab649a02a3c1b9ede0a087b25a481904d274603,5f28316e3eb177fac0762917090bf305f39346b742ed5b1250d5925d8cbad870,11,11,1.0,2905.203934,2130.203932633185,10651.019663165926,121,605,115,33,22,0,True,,3.968229700010852,264.10944854545454,6e84d03ae2684f508fde06167a2f1c0349e16393abbab0fa8911111ae217541d,9414ed09e7b7cf70d3be02d422015b3cb620108fbde1e60d7afcc9066dabe23b
mean_no_commit,12104,uniform,mixed,fixed_hash,20260912T090223194090Z-s12104-G-4c69f420,9ce494b264cc886891dcca475ab649a02a3c1b9ede0a087b25a481904d274603,406d2c64289051b3c073155c29c269de2b145c4eba8d1b8206e6fc64617b0fe6,11,11,1.0,2947.958547,2145.958549244861,10729.792746224304,125,625,122,33,22,0,True,,3.980373900005361,267.9962315454546,e5a3db0395cbc00113a2994a698321b2165f1c7235bc9bcfbf28a771929f181f,9414ed09e7b7cf70d3be02d422015b3cb620108fbde1e60d7afcc9066dabe23b
combined,12104,uniform,mixed,fixed_hash,20260912T090223030758Z-s12104-G-72c0484e,9ce494b264cc886891dcca475ab649a02a3c1b9ede0a087b25a481904d274603,3344c0c3c0c9b70bc2c9ecb9b0b1665cf3cc67c01f47d150d7a2cee978833f87,11,11,1.0,2941.30043,2143.300427565916,10716.502137829579,124,620,120,36,22,1,True,,4.1761765999981435,267.39094818181815,56164611447697df6703db84d052dff5f0178e553dcbe62f402e2bc03215e6d8,9414ed09e7b7cf70d3be02d422015b3cb620108fbde1e60d7afcc9066dabe23b
G,12105,uniform,mixed,fixed_hash,20260912T090225768021Z-s12105-G-580be152,9ce494b264cc886891dcca475ab649a02a3c1b9ede0a087b25a481904d274603,66b91d427f3d3cf867c3c0655a9c6a665d491b885a854ee10cfda26d72a0095b,12,12,1.0,3066.768516,2328.768515344858,11643.84257672429,114,570,108,36,24,0,True,,3.6489074999990407,255.564043,b86e372656266059655318a0d78412a33495e50853782e3e3176ca6f4fc14972,ad22ecf78c152e23cccfb3b7cc34112b849101a2f6ac4aefd0b94ba0db4dc059
no_commit,12105,uniform,mixed,fixed_hash,20260912T090225977353Z-s12105-G-511907e0,9ce494b264cc886891dcca475ab649a02a3c1b9ede0a087b25a481904d274603,406d2c64289051b3c073155c29c269de2b145c4eba8d1b8206e6fc64617b0fe6,12,12,1.0,3064.807137,2317.807134444921,11589.035672224603,115,575,112,36,24,0,True,,4.076537600005395,255.40059474999998,59cd3e5ba151647232602dcd2c2b14dd3b67048e1b8fd6127a9a80106971989a,ad22ecf78c152e23cccfb3b7cc34112b849101a2f6ac4aefd0b94ba0db4dc059
direct_balanced,12105,uniform,mixed,fixed_hash,20260912T090225959731Z-s12105-G-cf9b74ba,9ce494b264cc886891dcca475ab649a02a3c1b9ede0a087b25a481904d274603,66b91d427f3d3cf867c3c0655a9c6a665d491b885a854ee10cfda26d72a0095b,12,12,1.0,3075.740367,2330.7403650845986,11653.701825422993,115,575,110,36,24,0,True,,4.220705200001248,256.31169725,bbd4ba60ca232b752b9bbe04e37df95c81d0442c6765b7643ddcb37059cdb7f8,ad22ecf78c152e23cccfb3b7cc34112b849101a2f6ac4aefd0b94ba0db4dc059
tight_shared,12105,uniform,mixed,fixed_hash,20260912T090226129147Z-s12105-G-5fddf35e,9ce494b264cc886891dcca475ab649a02a3c1b9ede0a087b25a481904d274603,5f28316e3eb177fac0762917090bf305f39346b742ed5b1250d5925d8cbad870,12,12,1.0,3056.308758,2329.308757597033,11646.543787985165,112,560,107,36,24,0,True,,4.214233099992271,254.6923965,6e84d03ae2684f508fde06167a2f1c0349e16393abbab0fa8911111ae217541d,ad22ecf78c152e23cccfb3b7cc34112b849101a2f6ac4aefd0b94ba0db4dc059
combined,12105,uniform,mixed,fixed_hash,20260912T090226302494Z-s12105-G-73f74fe4,9ce494b264cc886891dcca475ab649a02a3c1b9ede0a087b25a481904d274603,3344c0c3c0c9b70bc2c9ecb9b0b1665cf3cc67c01f47d150d7a2cee978833f87,12,12,1.0,3043.627259,2316.6272576799283,11583.13628839964,112,560,107,36,24,0,True,,4.09015879999788,253.63560491666667,56164611447697df6703db84d052dff5f0178e553dcbe62f402e2bc03215e6d8,ad22ecf78c152e23cccfb3b7cc34112b849101a2f6ac4aefd0b94ba0db4dc059
mean_no_commit,12105,uniform,mixed,fixed_hash,20260912T090226504476Z-s12105-G-28de3aa1,9ce494b264cc886891dcca475ab649a02a3c1b9ede0a087b25a481904d274603,406d2c64289051b3c073155c29c269de2b145c4eba8d1b8206e6fc64617b0fe6,12,12,1.0,3064.807137,2317.807134444921,11589.035672224603,115,575,112,36,24,0,True,,4.041728500000318,255.40059474999998,e5a3db0395cbc00113a2994a698321b2165f1c7235bc9bcfbf28a771929f181f,ad22ecf78c152e23cccfb3b7cc34112b849101a2f6ac4aefd0b94ba0db4dc059
direct_balanced,12106,uniform,mixed,fixed_hash,20260912T090227326851Z-s12106-G-b686d438,9ce494b264cc886891dcca475ab649a02a3c1b9ede0a087b25a481904d274603,66b91d427f3d3cf867c3c0655a9c6a665d491b885a854ee10cfda26d72a0095b,14,14,1.0,3105.752504,2401.7525052530846,12008.762526265422,107,535,96,45,28,1,True,,5.017371500012814,221.83946457142858,bbd4ba60ca232b752b9bbe04e37df95c81d0442c6765b7643ddcb37059cdb7f8,bbc907b5011130b7da8df90b0e0e8cbb9bd4de2a9d49d03ac9b6eda4a2ff7b96
G,12106,uniform,mixed,fixed_hash,20260912T090227297345Z-s12106-G-53885d9c,9ce494b264cc886891dcca475ab649a02a3c1b9ede0a087b25a481904d274603,66b91d427f3d3cf867c3c0655a9c6a665d491b885a854ee10cfda26d72a0095b,14,14,1.0,3086.900811,2373.9008105058224,11869.504052529112,109,545,95,45,28,1,True,,5.077285400009714,220.49291507142857,b86e372656266059655318a0d78412a33495e50853782e3e3176ca6f4fc14972,bbc907b5011130b7da8df90b0e0e8cbb9bd4de2a9d49d03ac9b6eda4a2ff7b96
G,12107,uniform,mixed,fixed_hash,20260912T090230504742Z-s12107-G-f6c50609,9ce494b264cc886891dcca475ab649a02a3c1b9ede0a087b25a481904d274603,66b91d427f3d3cf867c3c0655a9c6a665d491b885a854ee10cfda26d72a0095b,13,13,1.0,2868.962685,2143.9626859024315,10719.813429512158,111,555,105,39,26,0,True,,3.847298000007868,220.68943730769232,b86e372656266059655318a0d78412a33495e50853782e3e3176ca6f4fc14972,26b998577eb0f6d932bb1dab43b408474240a0c043715439c004fb956ef107e4
no_commit,12106,uniform,mixed,fixed_hash,20260912T090229548169Z-s12106-G-3b29c878,9ce494b264cc886891dcca475ab649a02a3c1b9ede0a087b25a481904d274603,406d2c64289051b3c073155c29c269de2b145c4eba8d1b8206e6fc64617b0fe6,14,14,1.0,3063.643232,2372.643232775737,11863.216163878686,105,525,96,42,28,0,True,,4.846900399992592,218.8316594285714,59cd3e5ba151647232602dcd2c2b14dd3b67048e1b8fd6127a9a80106971989a,bbc907b5011130b7da8df90b0e0e8cbb9bd4de2a9d49d03ac9b6eda4a2ff7b96
direct_balanced,12107,uniform,mixed,fixed_hash,20260912T090230667725Z-s12107-G-bd8387fd,9ce494b264cc886891dcca475ab649a02a3c1b9ede0a087b25a481904d274603,66b91d427f3d3cf867c3c0655a9c6a665d491b885a854ee10cfda26d72a0095b,13,13,1.0,2870.529741,2145.529741895595,10727.648709477975,111,555,105,39,26,0,True,,4.270223899991834,220.80998007692307,bbd4ba60ca232b752b9bbe04e37df95c81d0442c6765b7643ddcb37059cdb7f8,26b998577eb0f6d932bb1dab43b408474240a0c043715439c004fb956ef107e4
tight_shared,12106,uniform,mixed,fixed_hash,20260912T090230178920Z-s12106-G-937bcd62,9ce494b264cc886891dcca475ab649a02a3c1b9ede0a087b25a481904d274603,5f28316e3eb177fac0762917090bf305f39346b742ed5b1250d5925d8cbad870,14,14,1.0,3090.282615,2405.2826146049065,12026.413073024532,104,520,95,42,28,0,True,,4.872372000012547,220.7344725,6e84d03ae2684f508fde06167a2f1c0349e16393abbab0fa8911111ae217541d,bbc907b5011130b7da8df90b0e0e8cbb9bd4de2a9d49d03ac9b6eda4a2ff7b96
mean_no_commit,12106,uniform,mixed,fixed_hash,20260912T090230457677Z-s12106-G-6844b7e8,9ce494b264cc886891dcca475ab649a02a3c1b9ede0a087b25a481904d274603,406d2c64289051b3c073155c29c269de2b145c4eba8d1b8206e6fc64617b0fe6,14,14,1.0,3051.492882,2360.492881872961,11802.464409364804,105,525,96,42,28,0,True,,4.636279400001513,217.9637772857143,e5a3db0395cbc00113a2994a698321b2165f1c7235bc9bcfbf28a771929f181f,bbc907b5011130b7da8df90b0e0e8cbb9bd4de2a9d49d03ac9b6eda4a2ff7b96
combined,12106,uniform,mixed,fixed_hash,20260912T090230308618Z-s12106-G-12a4b82a,9ce494b264cc886891dcca475ab649a02a3c1b9ede0a087b25a481904d274603,3344c0c3c0c9b70bc2c9ecb9b0b1665cf3cc67c01f47d150d7a2cee978833f87,14,14,1.0,3059.448522,2373.448522815949,11867.242614079745,104,520,96,42,28,0,True,,4.8804902999982005,218.5320372857143,56164611447697df6703db84d052dff5f0178e553dcbe62f402e2bc03215e6d8,bbc907b5011130b7da8df90b0e0e8cbb9bd4de2a9d49d03ac9b6eda4a2ff7b96
tight_shared,12107,uniform,mixed,fixed_hash,20260912T090232493890Z-s12107-G-36ef1b17,9ce494b264cc886891dcca475ab649a02a3c1b9ede0a087b25a481904d274603,5f28316e3eb177fac0762917090bf305f39346b742ed5b1250d5925d8cbad870,13,13,1.0,2864.927255,2145.927256393849,10729.636281969244,110,550,104,39,26,0,True,,4.257374299995718,220.3790196153846,6e84d03ae2684f508fde06167a2f1c0349e16393abbab0fa8911111ae217541d,26b998577eb0f6d932bb1dab43b408474240a0c043715439c004fb956ef107e4
no_commit,12107,uniform,mixed,fixed_hash,20260912T090232470046Z-s12107-G-c861e64e,9ce494b264cc886891dcca475ab649a02a3c1b9ede0a087b25a481904d274603,406d2c64289051b3c073155c29c269de2b145c4eba8d1b8206e6fc64617b0fe6,13,13,1.0,2877.200702,2145.2007025087605,10726.003512543803,112,560,107,39,26,0,True,,4.50693190000311,221.32313092307692,59cd3e5ba151647232602dcd2c2b14dd3b67048e1b8fd6127a9a80106971989a,26b998577eb0f6d932bb1dab43b408474240a0c043715439c004fb956ef107e4
combined,12107,uniform,mixed,fixed_hash,20260912T090234499418Z-s12107-G-455fb91d,9ce494b264cc886891dcca475ab649a02a3c1b9ede0a087b25a481904d274603,3344c0c3c0c9b70bc2c9ecb9b0b1665cf3cc67c01f47d150d7a2cee978833f87,13,13,1.0,2867.427,2146.4270022300693,10732.135011150347,110,550,103,42,26,1,True,,4.551239299995359,220.5713076923077,56164611447697df6703db84d052dff5f0178e553dcbe62f402e2bc03215e6d8,26b998577eb0f6d932bb1dab43b408474240a0c043715439c004fb956ef107e4
G,12108,uniform,mixed,fixed_hash,20260912T090235098982Z-s12108-G-9b602cce,9ce494b264cc886891dcca475ab649a02a3c1b9ede0a087b25a481904d274603,66b91d427f3d3cf867c3c0655a9c6a665d491b885a854ee10cfda26d72a0095b,15,15,1.0,3470.499847,2759.4998459866747,13797.499229933373,107,535,101,45,30,0,True,,4.328919799998403,231.36665646666668,b86e372656266059655318a0d78412a33495e50853782e3e3176ca6f4fc14972,fbce910bf2c9dd12e6c0dc1cf86b0e02fcc9e778ea37ddc7566c46fce7a8c589
mean_no_commit,12107,uniform,mixed,fixed_hash,20260912T090234534064Z-s12107-G-c5ebbcf0,9ce494b264cc886891dcca475ab649a02a3c1b9ede0a087b25a481904d274603,406d2c64289051b3c073155c29c269de2b145c4eba8d1b8206e6fc64617b0fe6,13,13,1.0,2889.762118,2140.762118055488,10703.81059027744,115,575,109,39,26,0,True,,4.749869799998123,222.2893936923077,e5a3db0395cbc00113a2994a698321b2165f1c7235bc9bcfbf28a771929f181f,26b998577eb0f6d932bb1dab43b408474240a0c043715439c004fb956ef107e4
direct_balanced,12108,uniform,mixed,fixed_hash,20260912T090235193384Z-s12108-G-6fb2eb57,9ce494b264cc886891dcca475ab649a02a3c1b9ede0a087b25a481904d274603,66b91d427f3d3cf867c3c0655a9c6a665d491b885a854ee10cfda26d72a0095b,15,15,1.0,3480.442163,2762.44216220482,13812.210811024099,108,540,103,45,30,0,True,,4.657454000000143,232.02947753333333,bbd4ba60ca232b752b9bbe04e37df95c81d0442c6765b7643ddcb37059cdb7f8,fbce910bf2c9dd12e6c0dc1cf86b0e02fcc9e778ea37ddc7566c46fce7a8c589
tight_shared,12108,uniform,mixed,fixed_hash,20260912T090235338691Z-s12108-G-a40e2900,9ce494b264cc886891dcca475ab649a02a3c1b9ede0a087b25a481904d274603,5f28316e3eb177fac0762917090bf305f39346b742ed5b1250d5925d8cbad870,15,15,1.0,3471.772221,2761.7722210129705,13808.861105064852,107,535,100,45,30,0,True,,4.675561399999424,231.4514814,6e84d03ae2684f508fde06167a2f1c0349e16393abbab0fa8911111ae217541d,fbce910bf2c9dd12e6c0dc1cf86b0e02fcc9e778ea37ddc7566c46fce7a8c589
no_commit,12108,uniform,mixed,fixed_hash,20260912T090235256124Z-s12108-G-3119d6fa,9ce494b264cc886891dcca475ab649a02a3c1b9ede0a087b25a481904d274603,406d2c64289051b3c073155c29c269de2b145c4eba8d1b8206e6fc64617b0fe6,15,15,1.0,3463.336118,2744.336118965991,13721.680594829953,108,540,104,45,30,0,True,,4.9842191000061575,230.88907453333334,59cd3e5ba151647232602dcd2c2b14dd3b67048e1b8fd6127a9a80106971989a,fbce910bf2c9dd12e6c0dc1cf86b0e02fcc9e778ea37ddc7566c46fce7a8c589
combined,12108,uniform,mixed,fixed_hash,20260912T090236884527Z-s12108-G-24bc5992,9ce494b264cc886891dcca475ab649a02a3c1b9ede0a087b25a481904d274603,3344c0c3c0c9b70bc2c9ecb9b0b1665cf3cc67c01f47d150d7a2cee978833f87,15,15,1.0,3454.515867,2741.515867272169,13707.579336360845,107,535,103,45,30,0,True,,4.725224299996626,230.3010578,56164611447697df6703db84d052dff5f0178e553dcbe62f402e2bc03215e6d8,fbce910bf2c9dd12e6c0dc1cf86b0e02fcc9e778ea37ddc7566c46fce7a8c589
mean_no_commit,12108,uniform,mixed,fixed_hash,20260912T090237092849Z-s12108-G-9503d0cc,9ce494b264cc886891dcca475ab649a02a3c1b9ede0a087b25a481904d274603,406d2c64289051b3c073155c29c269de2b145c4eba8d1b8206e6fc64617b0fe6,15,15,1.0,3452.821217,2733.8212180119726,13669.106090059864,108,540,104,45,30,0,True,,4.7027572999941185,230.18808113333336,e5a3db0395cbc00113a2994a698321b2165f1c7235bc9bcfbf28a771929f181f,fbce910bf2c9dd12e6c0dc1cf86b0e02fcc9e778ea37ddc7566c46fce7a8c589
G,12109,uniform,mixed,fixed_hash,20260912T090239402480Z-s12109-G-49c96cb6,9ce494b264cc886891dcca475ab649a02a3c1b9ede0a087b25a481904d274603,66b91d427f3d3cf867c3c0655a9c6a665d491b885a854ee10cfda26d72a0095b,10,10,1.0,2549.992325,1837.992327065675,9189.961635328375,111,555,107,30,20,0,True,,2.9339668000029633,254.9992325,b86e372656266059655318a0d78412a33495e50853782e3e3176ca6f4fc14972,8e76c7ff3cd43ec1d300100ee44ab7d9438c3973cace10d0fc947dadf6f998f9
direct_balanced,12109,uniform,mixed,fixed_hash,20260912T090239575255Z-s12109-G-6bbccc50,9ce494b264cc886891dcca475ab649a02a3c1b9ede0a087b25a481904d274603,66b91d427f3d3cf867c3c0655a9c6a665d491b885a854ee10cfda26d72a0095b,10,10,1.0,2547.844866,1835.844867156838,9179.22433578419,111,555,107,30,20,0,True,,3.083630999986781,254.78448659999998,bbd4ba60ca232b752b9bbe04e37df95c81d0442c6765b7643ddcb37059cdb7f8,8e76c7ff3cd43ec1d300100ee44ab7d9438c3973cace10d0fc947dadf6f998f9
no_commit,12109,uniform,mixed,fixed_hash,20260912T090239804968Z-s12109-G-f0a2278f,9ce494b264cc886891dcca475ab649a02a3c1b9ede0a087b25a481904d274603,406d2c64289051b3c073155c29c269de2b145c4eba8d1b8206e6fc64617b0fe6,10,10,1.0,2592.085976,1861.085976440791,9305.429882203955,114,570,111,30,20,0,True,,3.205029000004288,259.20859759999996,59cd3e5ba151647232602dcd2c2b14dd3b67048e1b8fd6127a9a80106971989a,8e76c7ff3cd43ec1d300100ee44ab7d9438c3973cace10d0fc947dadf6f998f9
tight_shared,12109,uniform,mixed,fixed_hash,20260912T090239984763Z-s12109-G-c3a6b12b,9ce494b264cc886891dcca475ab649a02a3c1b9ede0a087b25a481904d274603,5f28316e3eb177fac0762917090bf305f39346b742ed5b1250d5925d8cbad870,10,10,1.0,2542.823728,1836.8237293750503,9184.118646875251,110,550,106,30,20,0,True,,3.1874327000114135,254.2823728,6e84d03ae2684f508fde06167a2f1c0349e16393abbab0fa8911111ae217541d,8e76c7ff3cd43ec1d300100ee44ab7d9438c3973cace10d0fc947dadf6f998f9
combined,12109,uniform,mixed,fixed_hash,20260912T090240140005Z-s12109-G-eaaf15e8,9ce494b264cc886891dcca475ab649a02a3c1b9ede0a087b25a481904d274603,3344c0c3c0c9b70bc2c9ecb9b0b1665cf3cc67c01f47d150d7a2cee978833f87,10,10,1.0,2574.590184,1861.5901831680553,9307.950915840276,111,555,108,30,20,0,True,,3.1568949000065913,257.4590184,56164611447697df6703db84d052dff5f0178e553dcbe62f402e2bc03215e6d8,8e76c7ff3cd43ec1d300100ee44ab7d9438c3973cace10d0fc947dadf6f998f9
mean_no_commit,12109,uniform,mixed,fixed_hash,20260912T090240370252Z-s12109-G-12bb0e45,9ce494b264cc886891dcca475ab649a02a3c1b9ede0a087b25a481904d274603,406d2c64289051b3c073155c29c269de2b145c4eba8d1b8206e6fc64617b0fe6,10,10,1.0,2578.841096,1854.8410955376191,9274.205477688096,113,565,109,30,20,0,True,,3.2690004000032786,257.8841096,e5a3db0395cbc00113a2994a698321b2165f1c7235bc9bcfbf28a771929f181f,8e76c7ff3cd43ec1d300100ee44ab7d9438c3973cace10d0fc947dadf6f998f9
G,12110,uniform,mixed,fixed_hash,20260912T090241736220Z-s12110-G-da731210,9ce494b264cc886891dcca475ab649a02a3c1b9ede0a087b25a481904d274603,66b91d427f3d3cf867c3c0655a9c6a665d491b885a854ee10cfda26d72a0095b,10,10,1.0,2708.933346,1961.9333445415643,9809.666722707821,117,585,112,30,20,0,True,,2.981982400000561,270.8933346,b86e372656266059655318a0d78412a33495e50853782e3e3176ca6f4fc14972,d82fb804e5d02fa2674289041bcb82fb08800bd538d75706f8673a33ada6b0b6
direct_balanced,12110,uniform,mixed,fixed_hash,20260912T090241912191Z-s12110-G-54a5f384,9ce494b264cc886891dcca475ab649a02a3c1b9ede0a087b25a481904d274603,66b91d427f3d3cf867c3c0655a9c6a665d491b885a854ee10cfda26d72a0095b,10,10,1.0,2743.736196,1983.7361972925337,9918.680986462668,119,595,115,30,20,0,True,,3.419822899988503,274.3736196,bbd4ba60ca232b752b9bbe04e37df95c81d0442c6765b7643ddcb37059cdb7f8,d82fb804e5d02fa2674289041bcb82fb08800bd538d75706f8673a33ada6b0b6
no_commit,12110,uniform,mixed,fixed_hash,20260912T090242463202Z-s12110-G-29318c4d,9ce494b264cc886891dcca475ab649a02a3c1b9ede0a087b25a481904d274603,406d2c64289051b3c073155c29c269de2b145c4eba8d1b8206e6fc64617b0fe6,10,10,1.0,2726.362258,1961.362260018336,9806.81130009168,120,600,115,30,20,0,True,,3.931408599994029,272.63622580000003,59cd3e5ba151647232602dcd2c2b14dd3b67048e1b8fd6127a9a80106971989a,d82fb804e5d02fa2674289041bcb82fb08800bd538d75706f8673a33ada6b0b6
tight_shared,12110,uniform,mixed,fixed_hash,20260912T090242775416Z-s12110-G-39971e2e,9ce494b264cc886891dcca475ab649a02a3c1b9ede0a087b25a481904d274603,5f28316e3eb177fac0762917090bf305f39346b742ed5b1250d5925d8cbad870,10,10,1.0,2740.413408,1980.4134080222211,9902.067040111106,119,595,115,30,20,0,True,,4.329185599999619,274.0413408,6e84d03ae2684f508fde06167a2f1c0349e16393abbab0fa8911111ae217541d,d82fb804e5d02fa2674289041bcb82fb08800bd538d75706f8673a33ada6b0b6
mean_no_commit,12110,uniform,mixed,fixed_hash,20260912T090243299343Z-s12110-G-a60c7552,9ce494b264cc886891dcca475ab649a02a3c1b9ede0a087b25a481904d274603,406d2c64289051b3c073155c29c269de2b145c4eba8d1b8206e6fc64617b0fe6,10,10,1.0,2715.991735,1950.9917368470124,9754.958684235062,120,600,115,30,20,0,True,,4.43774530000519,271.5991735,e5a3db0395cbc00113a2994a698321b2165f1c7235bc9bcfbf28a771929f181f,d82fb804e5d02fa2674289041bcb82fb08800bd538d75706f8673a33ada6b0b6
combined,12110,uniform,mixed,fixed_hash,20260912T090243131819Z-s12110-G-7672ea7e,9ce494b264cc886891dcca475ab649a02a3c1b9ede0a087b25a481904d274603,3344c0c3c0c9b70bc2c9ecb9b0b1665cf3cc67c01f47d150d7a2cee978833f87,10,10,1.0,2729.178451,1963.1784539110026,9815.892269555014,120,600,116,30,20,0,True,,4.989745699989726,272.9178451,56164611447697df6703db84d052dff5f0178e553dcbe62f402e2bc03215e6d8,d82fb804e5d02fa2674289041bcb82fb08800bd538d75706f8673a33ada6b0b6
G,12111,uniform,mixed,fixed_hash,20260912T090243427649Z-s12111-G-e94e038e,9ce494b264cc886891dcca475ab649a02a3c1b9ede0a087b25a481904d274603,66b91d427f3d3cf867c3c0655a9c6a665d491b885a854ee10cfda26d72a0095b,13,13,1.0,3443.919734,2700.9197325372215,13504.598662686107,114,570,105,42,26,1,True,,5.275246599994716,264.91690261538463,b86e372656266059655318a0d78412a33495e50853782e3e3176ca6f4fc14972,06b49e5949f12aaf2dddf92caffd2a9908a0d39c343ad51394210bb3770acb37
direct_balanced,12111,uniform,mixed,fixed_hash,20260912T090243762066Z-s12111-G-c7935c6e,9ce494b264cc886891dcca475ab649a02a3c1b9ede0a087b25a481904d274603,66b91d427f3d3cf867c3c0655a9c6a665d491b885a854ee10cfda26d72a0095b,13,13,1.0,3438.566438,2695.566437578573,13477.832187892865,114,570,105,42,26,1,True,,6.131098400001065,264.5051106153846,bbd4ba60ca232b752b9bbe04e37df95c81d0442c6765b7643ddcb37059cdb7f8,06b49e5949f12aaf2dddf92caffd2a9908a0d39c343ad51394210bb3770acb37
no_commit,12111,uniform,mixed,fixed_hash,20260912T090244866209Z-s12111-G-aed8dc83,9ce494b264cc886891dcca475ab649a02a3c1b9ede0a087b25a481904d274603,406d2c64289051b3c073155c29c269de2b145c4eba8d1b8206e6fc64617b0fe6,13,13,1.0,3443.054733,2692.0547350193983,13460.273675096993,115,575,108,42,26,1,True,,6.44145369999751,264.8503640769231,59cd3e5ba151647232602dcd2c2b14dd3b67048e1b8fd6127a9a80106971989a,06b49e5949f12aaf2dddf92caffd2a9908a0d39c343ad51394210bb3770acb37
tight_shared,12111,uniform,mixed,fixed_hash,20260912T090245494330Z-s12111-G-f748e6e1,9ce494b264cc886891dcca475ab649a02a3c1b9ede0a087b25a481904d274603,5f28316e3eb177fac0762917090bf305f39346b742ed5b1250d5925d8cbad870,13,13,1.0,3399.95798,2695.957980394877,13479.789901974384,108,540,99,39,26,0,True,,6.025805500001297,261.53522923076923,6e84d03ae2684f508fde06167a2f1c0349e16393abbab0fa8911111ae217541d,06b49e5949f12aaf2dddf92caffd2a9908a0d39c343ad51394210bb3770acb37
G,12112,uniform,mixed,fixed_hash,20260912T090247937126Z-s12112-G-0a22c795,9ce494b264cc886891dcca475ab649a02a3c1b9ede0a087b25a481904d274603,66b91d427f3d3cf867c3c0655a9c6a665d491b885a854ee10cfda26d72a0095b,11,11,1.0,3016.413477,2303.4134773941187,11517.067386970593,110,550,105,36,22,1,True,,4.127104699990014,274.219407,b86e372656266059655318a0d78412a33495e50853782e3e3176ca6f4fc14972,146a1821a16b7a033bf3d8b2594f2f8cc69c68db97d5f65aa8b1ca6d879eb49b
direct_balanced,12112,uniform,mixed,fixed_hash,20260912T090248282436Z-s12112-G-9d9f8802,9ce494b264cc886891dcca475ab649a02a3c1b9ede0a087b25a481904d274603,66b91d427f3d3cf867c3c0655a9c6a665d491b885a854ee10cfda26d72a0095b,11,11,1.0,3002.786797,2289.786794748036,11448.933973740179,110,550,105,36,22,1,True,,4.4779902000009315,272.98061790909094,bbd4ba60ca232b752b9bbe04e37df95c81d0442c6765b7643ddcb37059cdb7f8,146a1821a16b7a033bf3d8b2594f2f8cc69c68db97d5f65aa8b1ca6d879eb49b
combined,12111,uniform,mixed,fixed_hash,20260912T090246556341Z-s12111-G-d4ab1624,9ce494b264cc886891dcca475ab649a02a3c1b9ede0a087b25a481904d274603,3344c0c3c0c9b70bc2c9ecb9b0b1665cf3cc67c01f47d150d7a2cee978833f87,13,13,1.0,3400.992389,2695.9923901072366,13479.961950536182,108,540,100,39,26,0,True,,6.336924499992165,261.61479915384615,56164611447697df6703db84d052dff5f0178e553dcbe62f402e2bc03215e6d8,06b49e5949f12aaf2dddf92caffd2a9908a0d39c343ad51394210bb3770acb37
mean_no_commit,12111,uniform,mixed,fixed_hash,20260912T090247286046Z-s12111-G-dfb5600b,9ce494b264cc886891dcca475ab649a02a3c1b9ede0a087b25a481904d274603,406d2c64289051b3c073155c29c269de2b145c4eba8d1b8206e6fc64617b0fe6,13,13,1.0,3438.425067,2687.425067586926,13437.12533793463,115,575,108,42,26,1,True,,6.247090799995931,264.49423592307693,e5a3db0395cbc00113a2994a698321b2165f1c7235bc9bcfbf28a771929f181f,06b49e5949f12aaf2dddf92caffd2a9908a0d39c343ad51394210bb3770acb37
no_commit,12112,uniform,mixed,fixed_hash,20260912T090248947688Z-s12112-G-64eb3e50,9ce494b264cc886891dcca475ab649a02a3c1b9ede0a087b25a481904d274603,406d2c64289051b3c073155c29c269de2b145c4eba8d1b8206e6fc64617b0fe6,11,11,1.0,3024.224567,2306.2245667810594,11531.122833905298,111,555,105,36,22,1,True,,4.7510176000068896,274.9295060909091,59cd3e5ba151647232602dcd2c2b14dd3b67048e1b8fd6127a9a80106971989a,146a1821a16b7a033bf3d8b2594f2f8cc69c68db97d5f65aa8b1ca6d879eb49b
tight_shared,12112,uniform,mixed,fixed_hash,20260912T090250074574Z-s12112-G-a4e26eeb,9ce494b264cc886891dcca475ab649a02a3c1b9ede0a087b25a481904d274603,5f28316e3eb177fac0762917090bf305f39346b742ed5b1250d5925d8cbad870,11,11,1.0,3002.011208,2301.011208060056,11505.05604030028,108,540,103,36,22,1,True,,4.43528960000549,272.9101098181818,6e84d03ae2684f508fde06167a2f1c0349e16393abbab0fa8911111ae217541d,146a1821a16b7a033bf3d8b2594f2f8cc69c68db97d5f65aa8b1ca6d879eb49b
combined,12112,uniform,mixed,fixed_hash,20260912T090251491112Z-s12112-G-d1cd034e,9ce494b264cc886891dcca475ab649a02a3c1b9ede0a087b25a481904d274603,3344c0c3c0c9b70bc2c9ecb9b0b1665cf3cc67c01f47d150d7a2cee978833f87,11,11,1.0,3001.497144,2300.497143704198,11502.485718520991,108,540,103,36,22,1,True,,4.285893100008252,272.86337672727274,56164611447697df6703db84d052dff5f0178e553dcbe62f402e2bc03215e6d8,146a1821a16b7a033bf3d8b2594f2f8cc69c68db97d5f65aa8b1ca6d879eb49b
mean_no_commit,12112,uniform,mixed,fixed_hash,20260912T090251759246Z-s12112-G-1722dfcf,9ce494b264cc886891dcca475ab649a02a3c1b9ede0a087b25a481904d274603,406d2c64289051b3c073155c29c269de2b145c4eba8d1b8206e6fc64617b0fe6,11,11,1.0,3030.104534,2307.1045344017266,11535.522672008632,112,560,105,36,22,1,True,,4.4126596999994945,275.46404854545455,e5a3db0395cbc00113a2994a698321b2165f1c7235bc9bcfbf28a771929f181f,146a1821a16b7a033bf3d8b2594f2f8cc69c68db97d5f65aa8b1ca6d879eb49b
G,12113,uniform,mixed,fixed_hash,20260912T090252299477Z-s12113-G-d76ed558,9ce494b264cc886891dcca475ab649a02a3c1b9ede0a087b25a481904d274603,66b91d427f3d3cf867c3c0655a9c6a665d491b885a854ee10cfda26d72a0095b,11,11,1.0,3026.221304,2290.2213053672317,11451.106526836158,114,570,105,39,22,2,True,,4.566720699993311,275.11102763636364,b86e372656266059655318a0d78412a33495e50853782e3e3176ca6f4fc14972,3155faca80bb3d7ab85ee31949e107e3afb29180d2c8b693c851fe9660be46c0
direct_balanced,12113,uniform,mixed,fixed_hash,20260912T090252999023Z-s12113-G-14503010,9ce494b264cc886891dcca475ab649a02a3c1b9ede0a087b25a481904d274603,66b91d427f3d3cf867c3c0655a9c6a665d491b885a854ee10cfda26d72a0095b,11,11,1.0,3012.738631,2279.738631323526,11398.69315661763,114,570,105,36,22,1,True,,5.153351200002362,273.8853300909091,bbd4ba60ca232b752b9bbe04e37df95c81d0442c6765b7643ddcb37059cdb7f8,3155faca80bb3d7ab85ee31949e107e3afb29180d2c8b693c851fe9660be46c0
no_commit,12113,uniform,mixed,fixed_hash,20260912T090253127806Z-s12113-G-2a5b9d21,9ce494b264cc886891dcca475ab649a02a3c1b9ede0a087b25a481904d274603,406d2c64289051b3c073155c29c269de2b145c4eba8d1b8206e6fc64617b0fe6,11,11,1.0,2964.634987,2218.6349861690805,11093.174930845404,116,580,108,36,22,1,True,,5.477608000001055,269.51227154545455,59cd3e5ba151647232602dcd2c2b14dd3b67048e1b8fd6127a9a80106971989a,3155faca80bb3d7ab85ee31949e107e3afb29180d2c8b693c851fe9660be46c0
tight_shared,12113,uniform,mixed,fixed_hash,20260912T090253764197Z-s12113-G-2833ba8e,9ce494b264cc886891dcca475ab649a02a3c1b9ede0a087b25a481904d274603,5f28316e3eb177fac0762917090bf305f39346b742ed5b1250d5925d8cbad870,11,11,1.0,3012.738631,2279.738631323526,11398.69315661763,114,570,105,36,22,1,True,,5.071702799992636,273.8853300909091,6e84d03ae2684f508fde06167a2f1c0349e16393abbab0fa8911111ae217541d,3155faca80bb3d7ab85ee31949e107e3afb29180d2c8b693c851fe9660be46c0
combined,12113,uniform,mixed,fixed_hash,20260912T090253948260Z-s12113-G-dfaec3e7,9ce494b264cc886891dcca475ab649a02a3c1b9ede0a087b25a481904d274603,3344c0c3c0c9b70bc2c9ecb9b0b1665cf3cc67c01f47d150d7a2cee978833f87,11,11,1.0,2963.331524,2217.3315235592318,11086.65761779616,116,580,108,36,22,1,True,,5.660228799999459,269.39377490909095,56164611447697df6703db84d052dff5f0178e553dcbe62f402e2bc03215e6d8,3155faca80bb3d7ab85ee31949e107e3afb29180d2c8b693c851fe9660be46c0
G,12114,uniform,mixed,fixed_hash,20260912T090255962609Z-s12114-G-f92e0a85,9ce494b264cc886891dcca475ab649a02a3c1b9ede0a087b25a481904d274603,66b91d427f3d3cf867c3c0655a9c6a665d491b885a854ee10cfda26d72a0095b,10,10,1.0,2897.655426,2169.655424653096,10848.27712326548,113,565,110,33,20,1,True,,4.074833699996816,289.7655426,b86e372656266059655318a0d78412a33495e50853782e3e3176ca6f4fc14972,0169e60ac85c791267a862a993c2b1c17d154b19902158edcb99017cb34ef119
mean_no_commit,12113,uniform,mixed,fixed_hash,20260912T090254726342Z-s12113-G-c7a57a64,9ce494b264cc886891dcca475ab649a02a3c1b9ede0a087b25a481904d274603,406d2c64289051b3c073155c29c269de2b145c4eba8d1b8206e6fc64617b0fe6,11,11,1.0,2964.634987,2218.6349861690805,11093.174930845404,116,580,108,36,22,1,True,,5.637800000011339,269.51227154545455,e5a3db0395cbc00113a2994a698321b2165f1c7235bc9bcfbf28a771929f181f,3155faca80bb3d7ab85ee31949e107e3afb29180d2c8b693c851fe9660be46c0
direct_balanced,12114,uniform,mixed,fixed_hash,20260912T090256402243Z-s12114-G-55f9ba10,9ce494b264cc886891dcca475ab649a02a3c1b9ede0a087b25a481904d274603,66b91d427f3d3cf867c3c0655a9c6a665d491b885a854ee10cfda26d72a0095b,10,10,1.0,2870.370909,2142.370908392221,10711.854541961104,113,565,110,33,20,1,True,,4.492617500000051,287.0370909,bbd4ba60ca232b752b9bbe04e37df95c81d0442c6765b7643ddcb37059cdb7f8,0169e60ac85c791267a862a993c2b1c17d154b19902158edcb99017cb34ef119
tight_shared,12114,uniform,mixed,fixed_hash,20260912T090258403467Z-s12114-G-98adbc85,9ce494b264cc886891dcca475ab649a02a3c1b9ede0a087b25a481904d274603,5f28316e3eb177fac0762917090bf305f39346b742ed5b1250d5925d8cbad870,10,10,1.0,2867.280958,2145.280958165274,10726.404790826371,112,560,109,33,20,1,True,,4.63916920000338,286.7280958,6e84d03ae2684f508fde06167a2f1c0349e16393abbab0fa8911111ae217541d,0169e60ac85c791267a862a993c2b1c17d154b19902158edcb99017cb34ef119
no_commit,12114,uniform,mixed,fixed_hash,20260912T090257041647Z-s12114-G-f4625e1a,9ce494b264cc886891dcca475ab649a02a3c1b9ede0a087b25a481904d274603,406d2c64289051b3c073155c29c269de2b145c4eba8d1b8206e6fc64617b0fe6,10,10,1.0,2909.728427,2145.7284300793513,10728.642150396756,120,600,111,33,20,1,True,,6.422979199996917,290.9728427,59cd3e5ba151647232602dcd2c2b14dd3b67048e1b8fd6127a9a80106971989a,0169e60ac85c791267a862a993c2b1c17d154b19902158edcb99017cb34ef119
G,12115,uniform,mixed,fixed_hash,20260912T090259799062Z-s12115-G-c66d943d,9ce494b264cc886891dcca475ab649a02a3c1b9ede0a087b25a481904d274603,66b91d427f3d3cf867c3c0655a9c6a665d491b885a854ee10cfda26d72a0095b,12,12,1.0,3072.325342,2327.325341859287,11636.626709296435,115,575,107,39,24,1,True,,5.006905599992024,256.0271118333333,b86e372656266059655318a0d78412a33495e50853782e3e3176ca6f4fc14972,248532a5f42302a7d8622cd57b1462506c272d3f579e32aa687a7866a116cb96
combined,12114,uniform,mixed,fixed_hash,20260912T090258839178Z-s12114-G-8f7ead9a,9ce494b264cc886891dcca475ab649a02a3c1b9ede0a087b25a481904d274603,3344c0c3c0c9b70bc2c9ecb9b0b1665cf3cc67c01f47d150d7a2cee978833f87,10,10,1.0,2909.728427,2145.7284300793513,10728.642150396756,120,600,111,33,20,1,True,,6.308716599989566,290.9728427,56164611447697df6703db84d052dff5f0178e553dcbe62f402e2bc03215e6d8,0169e60ac85c791267a862a993c2b1c17d154b19902158edcb99017cb34ef119
mean_no_commit,12114,uniform,mixed,fixed_hash,20260912T090259052162Z-s12114-G-8fe5fcf6,9ce494b264cc886891dcca475ab649a02a3c1b9ede0a087b25a481904d274603,406d2c64289051b3c073155c29c269de2b145c4eba8d1b8206e6fc64617b0fe6,10,10,1.0,2892.984789,2128.9847919281374,10644.923959640688,120,600,111,33,20,1,True,,6.3551890999951866,289.2984789,e5a3db0395cbc00113a2994a698321b2165f1c7235bc9bcfbf28a771929f181f,0169e60ac85c791267a862a993c2b1c17d154b19902158edcb99017cb34ef119
direct_balanced,12115,uniform,mixed,fixed_hash,20260912T090300198831Z-s12115-G-563b4659,9ce494b264cc886891dcca475ab649a02a3c1b9ede0a087b25a481904d274603,66b91d427f3d3cf867c3c0655a9c6a665d491b885a854ee10cfda26d72a0095b,12,12,1.0,3077.888903,2329.888902489266,11649.44451244633,115,575,107,42,24,2,True,,5.482565199999954,256.49074191666665,bbd4ba60ca232b752b9bbe04e37df95c81d0442c6765b7643ddcb37059cdb7f8,248532a5f42302a7d8622cd57b1462506c272d3f579e32aa687a7866a116cb96
no_commit,12115,uniform,mixed,fixed_hash,20260912T090300586642Z-s12115-G-a4c23929,9ce494b264cc886891dcca475ab649a02a3c1b9ede0a087b25a481904d274603,406d2c64289051b3c073155c29c269de2b145c4eba8d1b8206e6fc64617b0fe6,12,12,1.0,2824.168047,2100.1680467652977,10500.840233826488,112,560,104,36,24,0,True,,5.233672799993656,235.34733725,59cd3e5ba151647232602dcd2c2b14dd3b67048e1b8fd6127a9a80106971989a,248532a5f42302a7d8622cd57b1462506c272d3f579e32aa687a7866a116cb96
tight_shared,12115,uniform,mixed,fixed_hash,20260912T090301122602Z-s12115-G-55ea3101,9ce494b264cc886891dcca475ab649a02a3c1b9ede0a087b25a481904d274603,5f28316e3eb177fac0762917090bf305f39346b742ed5b1250d5925d8cbad870,12,12,1.0,2950.392053,2254.3920522213334,11271.960261106668,107,535,101,36,24,0,True,,4.769785800002865,245.86600441666667,6e84d03ae2684f508fde06167a2f1c0349e16393abbab0fa8911111ae217541d,248532a5f42302a7d8622cd57b1462506c272d3f579e32aa687a7866a116cb96
combined,12115,uniform,mixed,fixed_hash,20260912T090303266611Z-s12115-G-ae6f5130,9ce494b264cc886891dcca475ab649a02a3c1b9ede0a087b25a481904d274603,3344c0c3c0c9b70bc2c9ecb9b0b1665cf3cc67c01f47d150d7a2cee978833f87,12,12,1.0,2801.822183,2100.82218146902,10504.1109073451,108,540,101,36,24,0,True,,5.139068299991777,233.48518191666668,56164611447697df6703db84d052dff5f0178e553dcbe62f402e2bc03215e6d8,248532a5f42302a7d8622cd57b1462506c272d3f579e32aa687a7866a116cb96
mean_no_commit,12115,uniform,mixed,fixed_hash,20260912T090303649072Z-s12115-G-2d4baf08,9ce494b264cc886891dcca475ab649a02a3c1b9ede0a087b25a481904d274603,406d2c64289051b3c073155c29c269de2b145c4eba8d1b8206e6fc64617b0fe6,12,12,1.0,2821.469689,2097.469687790372,10487.34843895186,112,560,104,36,24,0,True,,5.233506100004888,235.12247408333334,e5a3db0395cbc00113a2994a698321b2165f1c7235bc9bcfbf28a771929f181f,248532a5f42302a7d8622cd57b1462506c272d3f579e32aa687a7866a116cb96
G,12116,uniform,mixed,fixed_hash,20260912T090305015773Z-s12116-G-8739c1ef,9ce494b264cc886891dcca475ab649a02a3c1b9ede0a087b25a481904d274603,66b91d427f3d3cf867c3c0655a9c6a665d491b885a854ee10cfda26d72a0095b,13,13,1.0,3303.977933,2570.9779309645155,12854.889654822578,112,560,105,42,26,1,True,,6.019651100010378,254.1521486923077,b86e372656266059655318a0d78412a33495e50853782e3e3176ca6f4fc14972,ca9d029a7014e911419a2feae0ae761a40b246f220ed67b7fd6462c91f044508
direct_balanced,12116,uniform,mixed,fixed_hash,20260912T090305355710Z-s12116-G-b4592b31,9ce494b264cc886891dcca475ab649a02a3c1b9ede0a087b25a481904d274603,66b91d427f3d3cf867c3c0655a9c6a665d491b885a854ee10cfda26d72a0095b,13,13,1.0,3282.18725,2560.1872491147005,12800.936245573503,110,550,104,42,26,1,True,,6.174712799998815,252.4759423076923,bbd4ba60ca232b752b9bbe04e37df95c81d0442c6765b7643ddcb37059cdb7f8,ca9d029a7014e911419a2feae0ae761a40b246f220ed67b7fd6462c91f044508
no_commit,12116,uniform,mixed,fixed_hash,20260912T090305612412Z-s12116-G-71a7b107,9ce494b264cc886891dcca475ab649a02a3c1b9ede0a087b25a481904d274603,406d2c64289051b3c073155c29c269de2b145c4eba8d1b8206e6fc64617b0fe6,13,13,1.0,3282.791177,2550.7911770461183,12753.95588523059,112,560,107,39,26,0,True,,6.18636529998912,252.52239823076923,59cd3e5ba151647232602dcd2c2b14dd3b67048e1b8fd6127a9a80106971989a,ca9d029a7014e911419a2feae0ae761a40b246f220ed67b7fd6462c91f044508
tight_shared,12116,uniform,mixed,fixed_hash,20260912T090305886248Z-s12116-G-f87f91ee,9ce494b264cc886891dcca475ab649a02a3c1b9ede0a087b25a481904d274603,5f28316e3eb177fac0762917090bf305f39346b742ed5b1250d5925d8cbad870,13,13,1.0,3261.730794,2555.7307937268506,12778.653968634253,108,540,101,39,26,0,True,,6.1869796999963,250.90236876923078,6e84d03ae2684f508fde06167a2f1c0349e16393abbab0fa8911111ae217541d,ca9d029a7014e911419a2feae0ae761a40b246f220ed67b7fd6462c91f044508
mean_no_commit,12116,uniform,mixed,fixed_hash,20260912T090306118328Z-s12116-G-91869858,9ce494b264cc886891dcca475ab649a02a3c1b9ede0a087b25a481904d274603,406d2c64289051b3c073155c29c269de2b145c4eba8d1b8206e6fc64617b0fe6,13,13,1.0,3282.791177,2550.7911770461183,12753.95588523059,112,560,107,39,26,0,True,,6.2668807999871206,252.52239823076923,e5a3db0395cbc00113a2994a698321b2165f1c7235bc9bcfbf28a771929f181f,ca9d029a7014e911419a2feae0ae761a40b246f220ed67b7fd6462c91f044508
G,12117,uniform,mixed,fixed_hash,20260912T090308615652Z-s12117-G-50b0fedc,9ce494b264cc886891dcca475ab649a02a3c1b9ede0a087b25a481904d274603,66b91d427f3d3cf867c3c0655a9c6a665d491b885a854ee10cfda26d72a0095b,14,14,1.0,2653.475718,1965.475718841201,9827.378594206004,104,520,98,42,28,0,True,,3.938369200011948,189.53397985714287,b86e372656266059655318a0d78412a33495e50853782e3e3176ca6f4fc14972,f0c077fb9a22526169230021a3c029073a2b146ea94661cd8f55f0883691f3b6
combined,12116,uniform,mixed,fixed_hash,20260912T090306061164Z-s12116-G-61a87054,9ce494b264cc886891dcca475ab649a02a3c1b9ede0a087b25a481904d274603,3344c0c3c0c9b70bc2c9ecb9b0b1665cf3cc67c01f47d150d7a2cee978833f87,13,13,1.0,3263.533262,2538.533262083757,12692.666310418786,111,555,105,39,26,0,True,,7.008494299996528,251.04102015384615,56164611447697df6703db84d052dff5f0178e553dcbe62f402e2bc03215e6d8,ca9d029a7014e911419a2feae0ae761a40b246f220ed67b7fd6462c91f044508
direct_balanced,12117,uniform,mixed,fixed_hash,20260912T090309093671Z-s12117-G-8cc33037,9ce494b264cc886891dcca475ab649a02a3c1b9ede0a087b25a481904d274603,66b91d427f3d3cf867c3c0655a9c6a665d491b885a854ee10cfda26d72a0095b,14,14,1.0,2647.663376,1965.6633753681206,9828.316876840603,103,515,97,42,28,0,True,,4.508746000006795,189.11881257142858,bbd4ba60ca232b752b9bbe04e37df95c81d0442c6765b7643ddcb37059cdb7f8,f0c077fb9a22526169230021a3c029073a2b146ea94661cd8f55f0883691f3b6
no_commit,12117,uniform,mixed,fixed_hash,20260912T090311264805Z-s12117-G-6ac4f05b,9ce494b264cc886891dcca475ab649a02a3c1b9ede0a087b25a481904d274603,406d2c64289051b3c073155c29c269de2b145c4eba8d1b8206e6fc64617b0fe6,14,14,1.0,2633.574761,1922.5747628338231,9612.873814169116,107,535,103,45,28,1,True,,4.94442970000091,188.1124829285714,59cd3e5ba151647232602dcd2c2b14dd3b67048e1b8fd6127a9a80106971989a,f0c077fb9a22526169230021a3c029073a2b146ea94661cd8f55f0883691f3b6
tight_shared,12117,uniform,mixed,fixed_hash,20260912T090311728020Z-s12117-G-a4e535a8,9ce494b264cc886891dcca475ab649a02a3c1b9ede0a087b25a481904d274603,5f28316e3eb177fac0762917090bf305f39346b742ed5b1250d5925d8cbad870,14,14,1.0,2646.239954,1966.2399540388385,9831.199770194193,102,510,97,45,28,1,True,,4.805533199993079,189.01713957142857,6e84d03ae2684f508fde06167a2f1c0349e16393abbab0fa8911111ae217541d,f0c077fb9a22526169230021a3c029073a2b146ea94661cd8f55f0883691f3b6
combined,12117,uniform,mixed,fixed_hash,20260912T090312012925Z-s12117-G-3f70b7c2,9ce494b264cc886891dcca475ab649a02a3c1b9ede0a087b25a481904d274603,3344c0c3c0c9b70bc2c9ecb9b0b1665cf3cc67c01f47d150d7a2cee978833f87,14,14,1.0,2626.298573,1927.2985732549944,9636.492866274972,105,525,101,45,28,1,True,,4.955941200008965,187.59275521428572,56164611447697df6703db84d052dff5f0178e553dcbe62f402e2bc03215e6d8,f0c077fb9a22526169230021a3c029073a2b146ea94661cd8f55f0883691f3b6
mean_no_commit,12117,uniform,mixed,fixed_hash,20260912T090312293856Z-s12117-G-b68967f1,9ce494b264cc886891dcca475ab649a02a3c1b9ede0a087b25a481904d274603,406d2c64289051b3c073155c29c269de2b145c4eba8d1b8206e6fc64617b0fe6,14,14,1.0,2633.574761,1922.5747628338231,9612.873814169116,107,535,103,45,28,1,True,,5.030679600007716,188.1124829285714,e5a3db0395cbc00113a2994a698321b2165f1c7235bc9bcfbf28a771929f181f,f0c077fb9a22526169230021a3c029073a2b146ea94661cd8f55f0883691f3b6
G,12118,uniform,mixed,fixed_hash,20260912T090312631467Z-s12118-G-7b02af31,9ce494b264cc886891dcca475ab649a02a3c1b9ede0a087b25a481904d274603,66b91d427f3d3cf867c3c0655a9c6a665d491b885a854ee10cfda26d72a0095b,11,11,1.0,2958.187364,2112.1873638648794,10560.936819324397,133,665,126,33,22,0,True,,4.963284999990719,268.926124,b86e372656266059655318a0d78412a33495e50853782e3e3176ca6f4fc14972,f38633f323d45bca6d09d316c4229a27f37f284fe70e2ae35ac5e5e31d13847b
direct_balanced,12118,uniform,mixed,fixed_hash,20260912T090312767635Z-s12118-G-ed789bdb,9ce494b264cc886891dcca475ab649a02a3c1b9ede0a087b25a481904d274603,66b91d427f3d3cf867c3c0655a9c6a665d491b885a854ee10cfda26d72a0095b,11,11,1.0,2957.80277,2101.8027691538227,10509.013845769114,135,675,126,33,22,0,True,,6.0042203000048175,268.8911609090909,bbd4ba60ca232b752b9bbe04e37df95c81d0442c6765b7643ddcb37059cdb7f8,f38633f323d45bca6d09d316c4229a27f37f284fe70e2ae35ac5e5e31d13847b
no_commit,12118,uniform,mixed,fixed_hash,20260912T090313309311Z-s12118-G-24e90d2b,9ce494b264cc886891dcca475ab649a02a3c1b9ede0a087b25a481904d274603,406d2c64289051b3c073155c29c269de2b145c4eba8d1b8206e6fc64617b0fe6,11,11,1.0,2986.203827,2101.203826971175,10506.019134855876,139,695,132,36,22,1,True,,7.060165599992615,271.47307518181816,59cd3e5ba151647232602dcd2c2b14dd3b67048e1b8fd6127a9a80106971989a,f38633f323d45bca6d09d316c4229a27f37f284fe70e2ae35ac5e5e31d13847b
tight_shared,12118,uniform,mixed,fixed_hash,20260912T090313803845Z-s12118-G-55e4fad5,9ce494b264cc886891dcca475ab649a02a3c1b9ede0a087b25a481904d274603,5f28316e3eb177fac0762917090bf305f39346b742ed5b1250d5925d8cbad870,11,11,1.0,2951.280025,2101.2800236072644,10506.400118036321,134,670,125,33,22,0,True,,6.65436580000096,268.2981840909091,6e84d03ae2684f508fde06167a2f1c0349e16393abbab0fa8911111ae217541d,f38633f323d45bca6d09d316c4229a27f37f284fe70e2ae35ac5e5e31d13847b
G,12119,uniform,mixed,fixed_hash,20260912T090317186382Z-s12119-G-f2cf69bc,9ce494b264cc886891dcca475ab649a02a3c1b9ede0a087b25a481904d274603,66b91d427f3d3cf867c3c0655a9c6a665d491b885a854ee10cfda26d72a0095b,10,10,1.0,2690.921967,1942.9219675569234,9714.609837784617,117,585,113,30,20,0,True,,3.871357399999397,269.09219670000004,b86e372656266059655318a0d78412a33495e50853782e3e3176ca6f4fc14972,188941210b90ec8a549320c34fea57a8436fb460bfeb4adf3570cf59684afd62
direct_balanced,12119,uniform,mixed,fixed_hash,20260912T090317548995Z-s12119-G-06adf980,9ce494b264cc886891dcca475ab649a02a3c1b9ede0a087b25a481904d274603,66b91d427f3d3cf867c3c0655a9c6a665d491b885a854ee10cfda26d72a0095b,10,10,1.0,2693.854859,1948.8548587194946,9744.274293597473,116,580,112,33,20,1,True,,4.314054000002216,269.3854859,bbd4ba60ca232b752b9bbe04e37df95c81d0442c6765b7643ddcb37059cdb7f8,188941210b90ec8a549320c34fea57a8436fb460bfeb4adf3570cf59684afd62
no_commit,12119,uniform,mixed,fixed_hash,20260912T090317823122Z-s12119-G-39c2ac75,9ce494b264cc886891dcca475ab649a02a3c1b9ede0a087b25a481904d274603,406d2c64289051b3c073155c29c269de2b145c4eba8d1b8206e6fc64617b0fe6,10,10,1.0,2678.900528,1941.9005280439474,9709.502640219736,115,575,112,30,20,0,True,,4.093178399998578,267.89005280000003,59cd3e5ba151647232602dcd2c2b14dd3b67048e1b8fd6127a9a80106971989a,188941210b90ec8a549320c34fea57a8436fb460bfeb4adf3570cf59684afd62
tight_shared,12119,uniform,mixed,fixed_hash,20260912T090319002582Z-s12119-G-b6ad8792,9ce494b264cc886891dcca475ab649a02a3c1b9ede0a087b25a481904d274603,5f28316e3eb177fac0762917090bf305f39346b742ed5b1250d5925d8cbad870,10,10,1.0,2682.286033,1946.286032975339,9731.430164876694,115,575,111,30,20,0,True,,3.928277499988326,268.2286033,6e84d03ae2684f508fde06167a2f1c0349e16393abbab0fa8911111ae217541d,188941210b90ec8a549320c34fea57a8436fb460bfeb4adf3570cf59684afd62
combined,12118,uniform,mixed,fixed_hash,20260912T090316429189Z-s12118-G-c6a3b42a,9ce494b264cc886891dcca475ab649a02a3c1b9ede0a087b25a481904d274603,3344c0c3c0c9b70bc2c9ecb9b0b1665cf3cc67c01f47d150d7a2cee978833f87,11,11,1.0,2981.921962,2102.9219627344673,10514.609813672338,138,690,131,36,22,1,True,,7.069289199993364,271.08381472727274,56164611447697df6703db84d052dff5f0178e553dcbe62f402e2bc03215e6d8,f38633f323d45bca6d09d316c4229a27f37f284fe70e2ae35ac5e5e31d13847b
mean_no_commit,12118,uniform,mixed,fixed_hash,20260912T090316728173Z-s12118-G-eda69762,9ce494b264cc886891dcca475ab649a02a3c1b9ede0a087b25a481904d274603,406d2c64289051b3c073155c29c269de2b145c4eba8d1b8206e6fc64617b0fe6,11,11,1.0,2986.203827,2101.203826971175,10506.019134855876,139,695,132,36,22,1,True,,6.9820485999953235,271.47307518181816,e5a3db0395cbc00113a2994a698321b2165f1c7235bc9bcfbf28a771929f181f,f38633f323d45bca6d09d316c4229a27f37f284fe70e2ae35ac5e5e31d13847b
combined,12119,uniform,mixed,fixed_hash,20260912T090320577803Z-s12119-G-ce972be8,9ce494b264cc886891dcca475ab649a02a3c1b9ede0a087b25a481904d274603,3344c0c3c0c9b70bc2c9ecb9b0b1665cf3cc67c01f47d150d7a2cee978833f87,10,10,1.0,2678.552981,1942.5529818564173,9712.764909282087,115,575,111,30,20,0,True,,4.065534299996216,267.85529809999997,56164611447697df6703db84d052dff5f0178e553dcbe62f402e2bc03215e6d8,188941210b90ec8a549320c34fea57a8436fb460bfeb4adf3570cf59684afd62
mean_no_commit,12119,uniform,mixed,fixed_hash,20260912T090320689164Z-s12119-G-b934cfb7,9ce494b264cc886891dcca475ab649a02a3c1b9ede0a087b25a481904d274603,406d2c64289051b3c073155c29c269de2b145c4eba8d1b8206e6fc64617b0fe6,10,10,1.0,2678.900528,1941.9005280439474,9709.502640219736,115,575,112,30,20,0,True,,4.0334813999943435,267.89005280000003,e5a3db0395cbc00113a2994a698321b2165f1c7235bc9bcfbf28a771929f181f,188941210b90ec8a549320c34fea57a8436fb460bfeb4adf3570cf59684afd62
G,12120,uniform,mixed,fixed_hash,20260912T090321287205Z-s12120-G-d2fce79c,9ce494b264cc886891dcca475ab649a02a3c1b9ede0a087b25a481904d274603,66b91d427f3d3cf867c3c0655a9c6a665d491b885a854ee10cfda26d72a0095b,15,15,1.0,3230.708284,2522.7082870767495,12613.541435383748,107,535,98,45,30,0,True,,5.710893499999656,215.38055226666665,b86e372656266059655318a0d78412a33495e50853782e3e3176ca6f4fc14972,3aee2d0aae458bd55702395e2fa473d9a563ef9b89c554942dc424c7620a98b8
direct_balanced,12120,uniform,mixed,fixed_hash,20260912T090322084765Z-s12120-G-21998909,9ce494b264cc886891dcca475ab649a02a3c1b9ede0a087b25a481904d274603,66b91d427f3d3cf867c3c0655a9c6a665d491b885a854ee10cfda26d72a0095b,15,15,1.0,3235.458383,2507.4583850369295,12537.291925184647,110,550,100,48,30,1,True,,6.715030699997442,215.69722553333335,bbd4ba60ca232b752b9bbe04e37df95c81d0442c6765b7643ddcb37059cdb7f8,3aee2d0aae458bd55702395e2fa473d9a563ef9b89c554942dc424c7620a98b8
no_commit,12120,uniform,mixed,fixed_hash,20260912T090322127722Z-s12120-G-dcabe028,9ce494b264cc886891dcca475ab649a02a3c1b9ede0a087b25a481904d274603,406d2c64289051b3c073155c29c269de2b145c4eba8d1b8206e6fc64617b0fe6,15,15,1.0,3234.752497,2504.752498216429,12523.762491082145,110,550,99,51,30,2,True,,7.663745600002585,215.65016646666666,59cd3e5ba151647232602dcd2c2b14dd3b67048e1b8fd6127a9a80106971989a,3aee2d0aae458bd55702395e2fa473d9a563ef9b89c554942dc424c7620a98b8
G,12121,uniform,mixed,fixed_hash,20260912T090324845473Z-s12121-G-84597ccc,9ce494b264cc886891dcca475ab649a02a3c1b9ede0a087b25a481904d274603,66b91d427f3d3cf867c3c0655a9c6a665d491b885a854ee10cfda26d72a0095b,16,16,1.0,3281.794336,2589.7943362853302,12948.97168142665,104,520,92,48,32,0,True,,5.097521899995627,205.112146,b86e372656266059655318a0d78412a33495e50853782e3e3176ca6f4fc14972,d0c072945c243d2c9c401845728756e0afa44c50430f4233385e31edcb7edc93
tight_shared,12120,uniform,mixed,fixed_hash,20260912T090323139975Z-s12120-G-cdd38ecc,9ce494b264cc886891dcca475ab649a02a3c1b9ede0a087b25a481904d274603,5f28316e3eb177fac0762917090bf305f39346b742ed5b1250d5925d8cbad870,15,15,1.0,3228.89838,2506.898380710705,12534.491903553526,109,545,99,48,30,1,True,,7.078284899995197,215.259892,6e84d03ae2684f508fde06167a2f1c0349e16393abbab0fa8911111ae217541d,3aee2d0aae458bd55702395e2fa473d9a563ef9b89c554942dc424c7620a98b8
direct_balanced,12121,uniform,mixed,fixed_hash,20260912T090324943074Z-s12121-G-cac91ce9,9ce494b264cc886891dcca475ab649a02a3c1b9ede0a087b25a481904d274603,66b91d427f3d3cf867c3c0655a9c6a665d491b885a854ee10cfda26d72a0095b,16,16,1.0,3286.981489,2594.9814878274187,12974.907439137094,104,520,92,48,32,0,True,,5.959429200011073,205.4363430625,bbd4ba60ca232b752b9bbe04e37df95c81d0442c6765b7643ddcb37059cdb7f8,d0c072945c243d2c9c401845728756e0afa44c50430f4233385e31edcb7edc93
combined,12120,uniform,mixed,fixed_hash,20260912T090323719484Z-s12120-G-3dcbf485,9ce494b264cc886891dcca475ab649a02a3c1b9ede0a087b25a481904d274603,3344c0c3c0c9b70bc2c9ecb9b0b1665cf3cc67c01f47d150d7a2cee978833f87,15,15,1.0,3213.996512,2494.9965107843946,12474.982553921973,108,540,98,51,30,2,True,,7.239003399998182,214.26643413333335,56164611447697df6703db84d052dff5f0178e553dcbe62f402e2bc03215e6d8,3aee2d0aae458bd55702395e2fa473d9a563ef9b89c554942dc424c7620a98b8
mean_no_commit,12120,uniform,mixed,fixed_hash,20260912T090323931286Z-s12120-G-2f67432b,9ce494b264cc886891dcca475ab649a02a3c1b9ede0a087b25a481904d274603,406d2c64289051b3c073155c29c269de2b145c4eba8d1b8206e6fc64617b0fe6,15,15,1.0,3252.07024,2518.070239547398,12590.35119773699,111,555,101,48,30,1,True,,7.600611200003186,216.80468266666668,e5a3db0395cbc00113a2994a698321b2165f1c7235bc9bcfbf28a771929f181f,3aee2d0aae458bd55702395e2fa473d9a563ef9b89c554942dc424c7620a98b8
no_commit,12121,uniform,mixed,fixed_hash,20260912T090327226429Z-s12121-G-79614304,9ce494b264cc886891dcca475ab649a02a3c1b9ede0a087b25a481904d274603,406d2c64289051b3c073155c29c269de2b145c4eba8d1b8206e6fc64617b0fe6,16,16,1.0,3265.103607,2577.1036078571105,12885.518039285553,103,515,93,48,32,0,True,,6.235892500000773,204.0689754375,59cd3e5ba151647232602dcd2c2b14dd3b67048e1b8fd6127a9a80106971989a,d0c072945c243d2c9c401845728756e0afa44c50430f4233385e31edcb7edc93
tight_shared,12121,uniform,mixed,fixed_hash,20260912T090329020331Z-s12121-G-1c8f41d9,9ce494b264cc886891dcca475ab649a02a3c1b9ede0a087b25a481904d274603,5f28316e3eb177fac0762917090bf305f39346b742ed5b1250d5925d8cbad870,16,16,1.0,3270.366975,2595.3669734427726,12976.834867213864,101,505,90,48,32,0,True,,5.61365269999078,204.3979359375,6e84d03ae2684f508fde06167a2f1c0349e16393abbab0fa8911111ae217541d,d0c072945c243d2c9c401845728756e0afa44c50430f4233385e31edcb7edc93
G,12122,uniform,mixed,fixed_hash,20260912T090330418426Z-s12122-G-aeb71b6a,9ce494b264cc886891dcca475ab649a02a3c1b9ede0a087b25a481904d274603,66b91d427f3d3cf867c3c0655a9c6a665d491b885a854ee10cfda26d72a0095b,11,11,1.0,2576.67459,1864.6745887197562,9323.37294359878,110,550,104,36,22,1,True,,4.586832900007721,234.24314454545456,b86e372656266059655318a0d78412a33495e50853782e3e3176ca6f4fc14972,2bc72e6848338a358c3bc25e67f0c27c45d902a3ad09b338ec6828e0e8326e87
combined,12121,uniform,mixed,fixed_hash,20260912T090330017896Z-s12121-G-c254306c,9ce494b264cc886891dcca475ab649a02a3c1b9ede0a087b25a481904d274603,3344c0c3c0c9b70bc2c9ecb9b0b1665cf3cc67c01f47d150d7a2cee978833f87,16,16,1.0,3252.066518,2586.0665206839685,12930.332603419842,99,495,91,48,32,0,True,,5.601851799990982,203.254157375,56164611447697df6703db84d052dff5f0178e553dcbe62f402e2bc03215e6d8,d0c072945c243d2c9c401845728756e0afa44c50430f4233385e31edcb7edc93
mean_no_commit,12121,uniform,mixed,fixed_hash,20260912T090330145345Z-s12121-G-a0a155dd,9ce494b264cc886891dcca475ab649a02a3c1b9ede0a087b25a481904d274603,406d2c64289051b3c073155c29c269de2b145c4eba8d1b8206e6fc64617b0fe6,16,16,1.0,3247.582273,2570.58227346401,12852.91136732005,101,505,92,48,32,0,True,,5.811117399993236,202.9738920625,e5a3db0395cbc00113a2994a698321b2165f1c7235bc9bcfbf28a771929f181f,d0c072945c243d2c9c401845728756e0afa44c50430f4233385e31edcb7edc93
direct_balanced,12122,uniform,mixed,fixed_hash,20260912T090331100971Z-s12122-G-0e6300b2,9ce494b264cc886891dcca475ab649a02a3c1b9ede0a087b25a481904d274603,66b91d427f3d3cf867c3c0655a9c6a665d491b885a854ee10cfda26d72a0095b,11,11,1.0,2572.083985,1861.0839844282432,9305.419922141216,110,550,103,36,22,1,True,,4.863518900005147,233.82581681818183,bbd4ba60ca232b752b9bbe04e37df95c81d0442c6765b7643ddcb37059cdb7f8,2bc72e6848338a358c3bc25e67f0c27c45d902a3ad09b338ec6828e0e8326e87
no_commit,12122,uniform,mixed,fixed_hash,20260912T090331168649Z-s12122-G-b1a5bb90,9ce494b264cc886891dcca475ab649a02a3c1b9ede0a087b25a481904d274603,406d2c64289051b3c073155c29c269de2b145c4eba8d1b8206e6fc64617b0fe6,11,11,1.0,2586.135547,1859.1355459200854,9295.677729600427,112,560,106,39,22,2,True,,5.331866299995454,235.10323154545452,59cd3e5ba151647232602dcd2c2b14dd3b67048e1b8fd6127a9a80106971989a,2bc72e6848338a358c3bc25e67f0c27c45d902a3ad09b338ec6828e0e8326e87
tight_shared,12122,uniform,mixed,fixed_hash,20260912T090331743452Z-s12122-G-aea44958,9ce494b264cc886891dcca475ab649a02a3c1b9ede0a087b25a481904d274603,5f28316e3eb177fac0762917090bf305f39346b742ed5b1250d5925d8cbad870,11,11,1.0,2587.034964,1881.0349621538815,9405.174810769407,109,545,103,36,22,1,True,,5.046119399994495,235.18499672727273,6e84d03ae2684f508fde06167a2f1c0349e16393abbab0fa8911111ae217541d,2bc72e6848338a358c3bc25e67f0c27c45d902a3ad09b338ec6828e0e8326e87
combined,12122,uniform,mixed,fixed_hash,20260912T090333669359Z-s12122-G-72094099,9ce494b264cc886891dcca475ab649a02a3c1b9ede0a087b25a481904d274603,3344c0c3c0c9b70bc2c9ecb9b0b1665cf3cc67c01f47d150d7a2cee978833f87,11,11,1.0,2593.424041,1880.4240393219006,9402.120196609503,110,550,105,36,22,1,True,,5.7312837000063155,235.76582190909093,56164611447697df6703db84d052dff5f0178e553dcbe62f402e2bc03215e6d8,2bc72e6848338a358c3bc25e67f0c27c45d902a3ad09b338ec6828e0e8326e87
G,12123,uniform,mixed,fixed_hash,20260912T090335206235Z-s12123-G-11401ed4,9ce494b264cc886891dcca475ab649a02a3c1b9ede0a087b25a481904d274603,66b91d427f3d3cf867c3c0655a9c6a665d491b885a854ee10cfda26d72a0095b,14,14,1.0,3077.779975,2351.779976776937,11758.899883884686,110,550,106,42,28,0,True,,4.449171500004013,219.84142678571428,b86e372656266059655318a0d78412a33495e50853782e3e3176ca6f4fc14972,19bd15cb48d91338f7f323d596ac206c3c8cd243fce957e0100a0b1eeffb0044
direct_balanced,12123,uniform,mixed,fixed_hash,20260912T090335814320Z-s12123-G-1dc6533f,9ce494b264cc886891dcca475ab649a02a3c1b9ede0a087b25a481904d274603,66b91d427f3d3cf867c3c0655a9c6a665d491b885a854ee10cfda26d72a0095b,14,14,1.0,3062.878444,2343.878445114976,11719.392225574878,109,545,104,42,28,0,True,,4.77991800000018,218.7770317142857,bbd4ba60ca232b752b9bbe04e37df95c81d0442c6765b7643ddcb37059cdb7f8,19bd15cb48d91338f7f323d596ac206c3c8cd243fce957e0100a0b1eeffb0044
mean_no_commit,12122,uniform,mixed,fixed_hash,20260912T090334824665Z-s12122-G-86544b57,9ce494b264cc886891dcca475ab649a02a3c1b9ede0a087b25a481904d274603,406d2c64289051b3c073155c29c269de2b145c4eba8d1b8206e6fc64617b0fe6,11,11,1.0,2587.430254,1855.430253409735,9277.151267048675,113,565,106,39,22,2,True,,5.960763600000064,235.22093218181817,e5a3db0395cbc00113a2994a698321b2165f1c7235bc9bcfbf28a771929f181f,2bc72e6848338a358c3bc25e67f0c27c45d902a3ad09b338ec6828e0e8326e87
no_commit,12123,uniform,mixed,fixed_hash,20260912T090336138951Z-s12123-G-82fd6c9b,9ce494b264cc886891dcca475ab649a02a3c1b9ede0a087b25a481904d274603,406d2c64289051b3c073155c29c269de2b145c4eba8d1b8206e6fc64617b0fe6,14,14,1.0,3066.017498,2299.017498145694,11495.08749072847,117,585,112,42,28,0,True,,5.3445103999983985,219.00124985714288,59cd3e5ba151647232602dcd2c2b14dd3b67048e1b8fd6127a9a80106971989a,19bd15cb48d91338f7f323d596ac206c3c8cd243fce957e0100a0b1eeffb0044
tight_shared,12123,uniform,mixed,fixed_hash,20260912T090336171886Z-s12123-G-00cb1cc1,9ce494b264cc886891dcca475ab649a02a3c1b9ede0a087b25a481904d274603,5f28316e3eb177fac0762917090bf305f39346b742ed5b1250d5925d8cbad870,14,14,1.0,3058.422932,2363.4229336428507,11817.114668214253,105,525,100,42,28,0,True,,5.4855150999937905,218.45878085714284,6e84d03ae2684f508fde06167a2f1c0349e16393abbab0fa8911111ae217541d,19bd15cb48d91338f7f323d596ac206c3c8cd243fce957e0100a0b1eeffb0044
combined,12123,uniform,mixed,fixed_hash,20260912T090336696125Z-s12123-G-4a132b30,9ce494b264cc886891dcca475ab649a02a3c1b9ede0a087b25a481904d274603,3344c0c3c0c9b70bc2c9ecb9b0b1665cf3cc67c01f47d150d7a2cee978833f87,14,14,1.0,3022.808443,2304.8084421044396,11524.042210522197,109,545,103,42,28,0,True,,5.939688500002376,215.91488878571428,56164611447697df6703db84d052dff5f0178e553dcbe62f402e2bc03215e6d8,19bd15cb48d91338f7f323d596ac206c3c8cd243fce957e0100a0b1eeffb0044
mean_no_commit,12123,uniform,mixed,fixed_hash,20260912T090337001605Z-s12123-G-a7fad728,9ce494b264cc886891dcca475ab649a02a3c1b9ede0a087b25a481904d274603,406d2c64289051b3c073155c29c269de2b145c4eba8d1b8206e6fc64617b0fe6,14,14,1.0,3057.150381,2295.1503813515083,11475.751906757541,116,580,112,42,28,0,True,,5.685228899994399,218.36788435714286,e5a3db0395cbc00113a2994a698321b2165f1c7235bc9bcfbf28a771929f181f,19bd15cb48d91338f7f323d596ac206c3c8cd243fce957e0100a0b1eeffb0044
G,12124,uniform,mixed,fixed_hash,20260912T090339600369Z-s12124-G-d2a91aa2,9ce494b264cc886891dcca475ab649a02a3c1b9ede0a087b25a481904d274603,66b91d427f3d3cf867c3c0655a9c6a665d491b885a854ee10cfda26d72a0095b,10,10,1.0,2758.167838,2015.167839314517,10075.839196572586,116,580,110,33,20,1,True,,4.965012600005139,275.8167838,b86e372656266059655318a0d78412a33495e50853782e3e3176ca6f4fc14972,6a6f241d391c73beeae2ff7c11eadfcf45f6c59e7d1a8e11de7a62f1c09b784f
direct_balanced,12124,uniform,mixed,fixed_hash,20260912T090339889466Z-s12124-G-2014af35,9ce494b264cc886891dcca475ab649a02a3c1b9ede0a087b25a481904d274603,66b91d427f3d3cf867c3c0655a9c6a665d491b885a854ee10cfda26d72a0095b,10,10,1.0,2753.940958,2010.9409572799407,10054.704786399703,116,580,110,33,20,1,True,,5.214431400003377,275.3940958,bbd4ba60ca232b752b9bbe04e37df95c81d0442c6765b7643ddcb37059cdb7f8,6a6f241d391c73beeae2ff7c11eadfcf45f6c59e7d1a8e11de7a62f1c09b784f
tight_shared,12124,uniform,mixed,fixed_hash,20260912T090340997379Z-s12124-G-88880d17,9ce494b264cc886891dcca475ab649a02a3c1b9ede0a087b25a481904d274603,5f28316e3eb177fac0762917090bf305f39346b742ed5b1250d5925d8cbad870,10,10,1.0,2731.648321,2009.6483221767091,10048.241610883546,113,565,107,30,20,0,True,,5.056095100007951,273.1648321,6e84d03ae2684f508fde06167a2f1c0349e16393abbab0fa8911111ae217541d,6a6f241d391c73beeae2ff7c11eadfcf45f6c59e7d1a8e11de7a62f1c09b784f
no_commit,12124,uniform,mixed,fixed_hash,20260912T090340804466Z-s12124-G-825e047b,9ce494b264cc886891dcca475ab649a02a3c1b9ede0a087b25a481904d274603,406d2c64289051b3c073155c29c269de2b145c4eba8d1b8206e6fc64617b0fe6,10,10,1.0,2812.007551,2010.0075517957405,10050.037758978702,126,630,119,33,20,1,True,,5.6334679999999935,281.20075510000004,59cd3e5ba151647232602dcd2c2b14dd3b67048e1b8fd6127a9a80106971989a,6a6f241d391c73beeae2ff7c11eadfcf45f6c59e7d1a8e11de7a62f1c09b784f
mean_no_commit,12124,uniform,mixed,fixed_hash,20260912T090341885518Z-s12124-G-d40490a6,9ce494b264cc886891dcca475ab649a02a3c1b9ede0a087b25a481904d274603,406d2c64289051b3c073155c29c269de2b145c4eba8d1b8206e6fc64617b0fe6,10,10,1.0,2765.331026,2027.3310264955012,10136.655132477506,115,575,110,33,20,1,True,,5.148208800004795,276.5331026,e5a3db0395cbc00113a2994a698321b2165f1c7235bc9bcfbf28a771929f181f,6a6f241d391c73beeae2ff7c11eadfcf45f6c59e7d1a8e11de7a62f1c09b784f
combined,12124,uniform,mixed,fixed_hash,20260912T090341743779Z-s12124-G-77d2ffd1,9ce494b264cc886891dcca475ab649a02a3c1b9ede0a087b25a481904d274603,3344c0c3c0c9b70bc2c9ecb9b0b1665cf3cc67c01f47d150d7a2cee978833f87,10,10,1.0,2789.683184,2008.683186374979,10043.415931874895,123,615,116,30,20,0,True,,5.364652400006889,278.9683184,56164611447697df6703db84d052dff5f0178e553dcbe62f402e2bc03215e6d8,6a6f241d391c73beeae2ff7c11eadfcf45f6c59e7d1a8e11de7a62f1c09b784f
G,12125,uniform,mixed,fixed_hash,20260912T090342865880Z-s12125-G-859f8ba9,9ce494b264cc886891dcca475ab649a02a3c1b9ede0a087b25a481904d274603,66b91d427f3d3cf867c3c0655a9c6a665d491b885a854ee10cfda26d72a0095b,15,15,1.0,3223.471058,2456.4710607258435,12282.355303629218,116,580,106,51,30,2,True,,6.31704309998895,214.89807053333334,b86e372656266059655318a0d78412a33495e50853782e3e3176ca6f4fc14972,9ff9d9dd6214f081a1072161f01c634a9b717c8417f5710857d9234b05c57380
direct_balanced,12125,uniform,mixed,fixed_hash,20260912T090342920521Z-s12125-G-b04a18da,9ce494b264cc886891dcca475ab649a02a3c1b9ede0a087b25a481904d274603,66b91d427f3d3cf867c3c0655a9c6a665d491b885a854ee10cfda26d72a0095b,15,15,1.0,3240.580844,2448.580847197204,12242.904235986021,120,600,108,54,30,3,True,,7.173933099998976,216.03872293333333,bbd4ba60ca232b752b9bbe04e37df95c81d0442c6765b7643ddcb37059cdb7f8,9ff9d9dd6214f081a1072161f01c634a9b717c8417f5710857d9234b05c57380
no_commit,12125,uniform,mixed,fixed_hash,20260912T090344768212Z-s12125-G-82f8d15b,9ce494b264cc886891dcca475ab649a02a3c1b9ede0a087b25a481904d274603,406d2c64289051b3c073155c29c269de2b145c4eba8d1b8206e6fc64617b0fe6,15,15,1.0,3244.4945,2454.4945023141204,12272.472511570602,120,600,109,51,30,2,True,,6.706826400011778,216.29963333333333,59cd3e5ba151647232602dcd2c2b14dd3b67048e1b8fd6127a9a80106971989a,9ff9d9dd6214f081a1072161f01c634a9b717c8417f5710857d9234b05c57380
tight_shared,12125,uniform,mixed,fixed_hash,20260912T090345334029Z-s12125-G-30cdb718,9ce494b264cc886891dcca475ab649a02a3c1b9ede0a087b25a481904d274603,5f28316e3eb177fac0762917090bf305f39346b742ed5b1250d5925d8cbad870,15,15,1.0,3224.176891,2453.1768940824813,12265.884470412408,117,585,105,51,30,2,True,,6.18919379998988,214.94512606666666,6e84d03ae2684f508fde06167a2f1c0349e16393abbab0fa8911111ae217541d,9ff9d9dd6214f081a1072161f01c634a9b717c8417f5710857d9234b05c57380
G,12126,uniform,mixed,fixed_hash,20260912T090347297648Z-s12126-G-c64e7440,9ce494b264cc886891dcca475ab649a02a3c1b9ede0a087b25a481904d274603,66b91d427f3d3cf867c3c0655a9c6a665d491b885a854ee10cfda26d72a0095b,16,16,1.0,2897.070912,2241.0709145241585,11205.354572620792,97,485,91,48,32,0,True,,4.409509799996158,181.066932,b86e372656266059655318a0d78412a33495e50853782e3e3176ca6f4fc14972,0e691f87aeb81a3456e5c38107c521744fdbf5071ba1088336361a6849881e14
combined,12125,uniform,mixed,fixed_hash,20260912T090346318643Z-s12125-G-0978fad6,9ce494b264cc886891dcca475ab649a02a3c1b9ede0a087b25a481904d274603,3344c0c3c0c9b70bc2c9ecb9b0b1665cf3cc67c01f47d150d7a2cee978833f87,15,15,1.0,3213.044861,2438.0448631699633,12190.224315849817,118,590,107,48,30,1,True,,5.889876200002618,214.20299073333334,56164611447697df6703db84d052dff5f0178e553dcbe62f402e2bc03215e6d8,9ff9d9dd6214f081a1072161f01c634a9b717c8417f5710857d9234b05c57380
direct_balanced,12126,uniform,mixed,fixed_hash,20260912T090347367533Z-s12126-G-73982ed2,9ce494b264cc886891dcca475ab649a02a3c1b9ede0a087b25a481904d274603,66b91d427f3d3cf867c3c0655a9c6a665d491b885a854ee10cfda26d72a0095b,16,16,1.0,2920.385063,2246.385064522203,11231.925322611014,100,500,94,48,32,0,True,,4.917807999998331,182.5240664375,bbd4ba60ca232b752b9bbe04e37df95c81d0442c6765b7643ddcb37059cdb7f8,0e691f87aeb81a3456e5c38107c521744fdbf5071ba1088336361a6849881e14
mean_no_commit,12125,uniform,mixed,fixed_hash,20260912T090346663084Z-s12125-G-564abbf6,9ce494b264cc886891dcca475ab649a02a3c1b9ede0a087b25a481904d274603,406d2c64289051b3c073155c29c269de2b145c4eba8d1b8206e6fc64617b0fe6,15,15,1.0,3216.426168,2442.426169571323,12212.130847856615,118,590,109,45,30,0,True,,5.660610899998574,214.4284112,e5a3db0395cbc00113a2994a698321b2165f1c7235bc9bcfbf28a771929f181f,9ff9d9dd6214f081a1072161f01c634a9b717c8417f5710857d9234b05c57380
no_commit,12126,uniform,mixed,fixed_hash,20260912T090349359383Z-s12126-G-ea51ec78,9ce494b264cc886891dcca475ab649a02a3c1b9ede0a087b25a481904d274603,406d2c64289051b3c073155c29c269de2b145c4eba8d1b8206e6fc64617b0fe6,16,16,1.0,2882.048249,2216.048249543219,11080.241247716094,99,495,91,48,32,0,True,,4.804691899989848,180.1280155625,59cd3e5ba151647232602dcd2c2b14dd3b67048e1b8fd6127a9a80106971989a,0e691f87aeb81a3456e5c38107c521744fdbf5071ba1088336361a6849881e14
tight_shared,12126,uniform,mixed,fixed_hash,20260912T090350270277Z-s12126-G-295aa6a7,9ce494b264cc886891dcca475ab649a02a3c1b9ede0a087b25a481904d274603,5f28316e3eb177fac0762917090bf305f39346b742ed5b1250d5925d8cbad870,16,16,1.0,2922.91716,2248.9171615687583,11244.585807843792,100,500,94,48,32,0,True,,4.85752269999648,182.6823225,6e84d03ae2684f508fde06167a2f1c0349e16393abbab0fa8911111ae217541d,0e691f87aeb81a3456e5c38107c521744fdbf5071ba1088336361a6849881e14
mean_no_commit,12126,uniform,mixed,fixed_hash,20260912T090351712444Z-s12126-G-428ba6ec,9ce494b264cc886891dcca475ab649a02a3c1b9ede0a087b25a481904d274603,406d2c64289051b3c073155c29c269de2b145c4eba8d1b8206e6fc64617b0fe6,16,16,1.0,2882.048249,2216.048249543219,11080.241247716094,99,495,91,48,32,0,True,,5.035894099986763,180.1280155625,e5a3db0395cbc00113a2994a698321b2165f1c7235bc9bcfbf28a771929f181f,0e691f87aeb81a3456e5c38107c521744fdbf5071ba1088336361a6849881e14
combined,12126,uniform,mixed,fixed_hash,20260912T090351649865Z-s12126-G-0b075eb0,9ce494b264cc886891dcca475ab649a02a3c1b9ede0a087b25a481904d274603,3344c0c3c0c9b70bc2c9ecb9b0b1665cf3cc67c01f47d150d7a2cee978833f87,16,16,1.0,2886.120579,2225.120579960493,11125.602899802465,98,490,91,48,32,0,True,,5.331469099997776,180.3825361875,56164611447697df6703db84d052dff5f0178e553dcbe62f402e2bc03215e6d8,0e691f87aeb81a3456e5c38107c521744fdbf5071ba1088336361a6849881e14
G,12127,uniform,mixed,fixed_hash,20260912T090351893678Z-s12127-G-22be9443,9ce494b264cc886891dcca475ab649a02a3c1b9ede0a087b25a481904d274603,66b91d427f3d3cf867c3c0655a9c6a665d491b885a854ee10cfda26d72a0095b,15,15,1.0,3242.980891,2511.980893449204,12559.90446724602,111,555,98,48,30,1,True,,6.609618799993768,216.19872606666667,b86e372656266059655318a0d78412a33495e50853782e3e3176ca6f4fc14972,bfb1e933cd17677bc314b91346fb74927b5ddc43803d8f72b14d2e6cdbf742ea
direct_balanced,12127,uniform,mixed,fixed_hash,20260912T090352424842Z-s12127-G-8f446db6,9ce494b264cc886891dcca475ab649a02a3c1b9ede0a087b25a481904d274603,66b91d427f3d3cf867c3c0655a9c6a665d491b885a854ee10cfda26d72a0095b,15,15,1.0,3217.306531,2496.3065327666714,12481.532663833357,109,545,98,48,30,1,True,,7.507626800012076,214.48710206666667,bbd4ba60ca232b752b9bbe04e37df95c81d0442c6765b7643ddcb37059cdb7f8,bfb1e933cd17677bc314b91346fb74927b5ddc43803d8f72b14d2e6cdbf742ea
no_commit,12127,uniform,mixed,fixed_hash,20260912T090352461104Z-s12127-G-3086f071,9ce494b264cc886891dcca475ab649a02a3c1b9ede0a087b25a481904d274603,406d2c64289051b3c073155c29c269de2b145c4eba8d1b8206e6fc64617b0fe6,15,15,1.0,3205.640124,2489.640126716457,12448.200633582284,108,540,98,48,30,1,True,,7.66339909999806,213.7093416,59cd3e5ba151647232602dcd2c2b14dd3b67048e1b8fd6127a9a80106971989a,bfb1e933cd17677bc314b91346fb74927b5ddc43803d8f72b14d2e6cdbf742ea
tight_shared,12127,uniform,mixed,fixed_hash,20260912T090352532458Z-s12127-G-5e8d7f54,9ce494b264cc886891dcca475ab649a02a3c1b9ede0a087b25a481904d274603,5f28316e3eb177fac0762917090bf305f39346b742ed5b1250d5925d8cbad870,15,15,1.0,3202.93991,2486.939912079854,12434.69956039927,108,540,98,48,30,1,True,,7.648920299994643,213.52932733333333,6e84d03ae2684f508fde06167a2f1c0349e16393abbab0fa8911111ae217541d,bfb1e933cd17677bc314b91346fb74927b5ddc43803d8f72b14d2e6cdbf742ea
G,12128,uniform,mixed,fixed_hash,20260912T090356908870Z-s12128-G-5ce69fc3,9ce494b264cc886891dcca475ab649a02a3c1b9ede0a087b25a481904d274603,66b91d427f3d3cf867c3c0655a9c6a665d491b885a854ee10cfda26d72a0095b,10,10,1.0,2678.308949,1982.3089477571611,9911.544738785806,108,540,103,33,20,1,True,,4.755000500008464,267.83089490000003,b86e372656266059655318a0d78412a33495e50853782e3e3176ca6f4fc14972,b890e20ae91cde297fbacdce8d21533e7313b27198ebfa02d5b67d6904850b6d
direct_balanced,12128,uniform,mixed,fixed_hash,20260912T090357159686Z-s12128-G-13228a65,9ce494b264cc886891dcca475ab649a02a3c1b9ede0a087b25a481904d274603,66b91d427f3d3cf867c3c0655a9c6a665d491b885a854ee10cfda26d72a0095b,10,10,1.0,2652.148858,1954.148855837319,9770.744279186594,109,545,103,30,20,0,True,,5.253620399991632,265.2148858,bbd4ba60ca232b752b9bbe04e37df95c81d0442c6765b7643ddcb37059cdb7f8,b890e20ae91cde297fbacdce8d21533e7313b27198ebfa02d5b67d6904850b6d
combined,12127,uniform,mixed,fixed_hash,20260912T090354272586Z-s12127-G-5e019f07,9ce494b264cc886891dcca475ab649a02a3c1b9ede0a087b25a481904d274603,3344c0c3c0c9b70bc2c9ecb9b0b1665cf3cc67c01f47d150d7a2cee978833f87,15,15,1.0,3198.832504,2482.832505147644,12414.16252573822,108,540,98,48,30,1,True,,8.979296799996519,213.25550026666667,56164611447697df6703db84d052dff5f0178e553dcbe62f402e2bc03215e6d8,bfb1e933cd17677bc314b91346fb74927b5ddc43803d8f72b14d2e6cdbf742ea
no_commit,12128,uniform,mixed,fixed_hash,20260912T090358684734Z-s12128-G-e224d667,9ce494b264cc886891dcca475ab649a02a3c1b9ede0a087b25a481904d274603,406d2c64289051b3c073155c29c269de2b145c4eba8d1b8206e6fc64617b0fe6,10,10,1.0,2659.106728,1953.106727751981,9765.533638759905,110,550,106,30,20,0,True,,5.629256999993231,265.91067280000004,59cd3e5ba151647232602dcd2c2b14dd3b67048e1b8fd6127a9a80106971989a,b890e20ae91cde297fbacdce8d21533e7313b27198ebfa02d5b67d6904850b6d
mean_no_commit,12127,uniform,mixed,fixed_hash,20260912T090355247592Z-s12127-G-91c1ee45,9ce494b264cc886891dcca475ab649a02a3c1b9ede0a087b25a481904d274603,406d2c64289051b3c073155c29c269de2b145c4eba8d1b8206e6fc64617b0fe6,15,15,1.0,3192.58372,2476.5837220100802,12382.918610050401,108,540,98,48,30,1,True,,9.30052250000881,212.83891466666668,e5a3db0395cbc00113a2994a698321b2165f1c7235bc9bcfbf28a771929f181f,bfb1e933cd17677bc314b91346fb74927b5ddc43803d8f72b14d2e6cdbf742ea
tight_shared,12128,uniform,mixed,fixed_hash,20260912T090400122885Z-s12128-G-863b0c9c,9ce494b264cc886891dcca475ab649a02a3c1b9ede0a087b25a481904d274603,5f28316e3eb177fac0762917090bf305f39346b742ed5b1250d5925d8cbad870,10,10,1.0,2646.887796,1955.887793921566,9779.43896960783,108,540,101,30,20,0,True,,5.445836599988979,264.6887796,6e84d03ae2684f508fde06167a2f1c0349e16393abbab0fa8911111ae217541d,b890e20ae91cde297fbacdce8d21533e7313b27198ebfa02d5b67d6904850b6d
mean_no_commit,12128,uniform,mixed,fixed_hash,20260912T090400421923Z-s12128-G-1792760b,9ce494b264cc886891dcca475ab649a02a3c1b9ede0a087b25a481904d274603,406d2c64289051b3c073155c29c269de2b145c4eba8d1b8206e6fc64617b0fe6,10,10,1.0,2672.475638,1960.4756380031802,9802.378190015901,111,555,107,30,20,0,True,,5.803285599991796,267.24756379999997,e5a3db0395cbc00113a2994a698321b2165f1c7235bc9bcfbf28a771929f181f,b890e20ae91cde297fbacdce8d21533e7313b27198ebfa02d5b67d6904850b6d
combined,12128,uniform,mixed,fixed_hash,20260912T090400349405Z-s12128-G-a86a1f38,9ce494b264cc886891dcca475ab649a02a3c1b9ede0a087b25a481904d274603,3344c0c3c0c9b70bc2c9ecb9b0b1665cf3cc67c01f47d150d7a2cee978833f87,10,10,1.0,2651.419669,1952.419668326237,9762.098341631185,109,545,104,30,20,0,True,,6.135662800006685,265.1419669,56164611447697df6703db84d052dff5f0178e553dcbe62f402e2bc03215e6d8,b890e20ae91cde297fbacdce8d21533e7313b27198ebfa02d5b67d6904850b6d
G,12129,uniform,mixed,fixed_hash,20260912T090401891706Z-s12129-G-653459e1,9ce494b264cc886891dcca475ab649a02a3c1b9ede0a087b25a481904d274603,66b91d427f3d3cf867c3c0655a9c6a665d491b885a854ee10cfda26d72a0095b,15,15,1.0,3328.38772,2564.3877205844738,12821.938602922368,116,580,109,45,30,0,True,,5.948230499998317,221.89251466666667,b86e372656266059655318a0d78412a33495e50853782e3e3176ca6f4fc14972,e752885853ee4bd213af009472ae0bacf0504be4c3f2b64ad8eefd4c45b46dd7
direct_balanced,12129,uniform,mixed,fixed_hash,20260912T090402674012Z-s12129-G-bdba0f5f,9ce494b264cc886891dcca475ab649a02a3c1b9ede0a087b25a481904d274603,66b91d427f3d3cf867c3c0655a9c6a665d491b885a854ee10cfda26d72a0095b,15,15,1.0,3331.074467,2562.074467275016,12810.37233637508,117,585,109,45,30,0,True,,7.14184570001089,222.07163113333334,bbd4ba60ca232b752b9bbe04e37df95c81d0442c6765b7643ddcb37059cdb7f8,e752885853ee4bd213af009472ae0bacf0504be4c3f2b64ad8eefd4c45b46dd7
no_commit,12129,uniform,mixed,fixed_hash,20260912T090403432704Z-s12129-G-1fc3f3bb,9ce494b264cc886891dcca475ab649a02a3c1b9ede0a087b25a481904d274603,406d2c64289051b3c073155c29c269de2b145c4eba8d1b8206e6fc64617b0fe6,15,15,1.0,3343.9762,2566.9762027396896,12834.881013698448,118,590,109,48,30,1,True,,8.469408799996017,222.93174666666667,59cd3e5ba151647232602dcd2c2b14dd3b67048e1b8fd6127a9a80106971989a,e752885853ee4bd213af009472ae0bacf0504be4c3f2b64ad8eefd4c45b46dd7
tight_shared,12129,uniform,mixed,fixed_hash,20260912T090404593232Z-s12129-G-747ea389,9ce494b264cc886891dcca475ab649a02a3c1b9ede0a087b25a481904d274603,5f28316e3eb177fac0762917090bf305f39346b742ed5b1250d5925d8cbad870,15,15,1.0,3313.256288,2568.2562905439604,12841.281452719802,113,565,105,45,30,0,True,,7.933194700002787,220.88375253333334,6e84d03ae2684f508fde06167a2f1c0349e16393abbab0fa8911111ae217541d,e752885853ee4bd213af009472ae0bacf0504be4c3f2b64ad8eefd4c45b46dd7
G,12130,uniform,mixed,fixed_hash,20260912T090406546327Z-s12130-G-a627bd71,9ce494b264cc886891dcca475ab649a02a3c1b9ede0a087b25a481904d274603,66b91d427f3d3cf867c3c0655a9c6a665d491b885a854ee10cfda26d72a0095b,11,11,1.0,3216.078,2474.0779979421404,12370.389989710702,116,580,107,33,22,0,True,,6.05040610001015,292.37072727272727,b86e372656266059655318a0d78412a33495e50853782e3e3176ca6f4fc14972,98dd94617fae151f20feb7436c4f014f8cb4af96ddeaf4d93de468abb602d351
combined,12129,uniform,mixed,fixed_hash,20260912T090404793152Z-s12129-G-104c4c3f,9ce494b264cc886891dcca475ab649a02a3c1b9ede0a087b25a481904d274603,3344c0c3c0c9b70bc2c9ecb9b0b1665cf3cc67c01f47d150d7a2cee978833f87,15,15,1.0,3322.086473,2572.0864763377085,12860.432381688543,114,570,105,45,30,0,True,,8.583884799998486,221.47243153333332,56164611447697df6703db84d052dff5f0178e553dcbe62f402e2bc03215e6d8,e752885853ee4bd213af009472ae0bacf0504be4c3f2b64ad8eefd4c45b46dd7
direct_balanced,12130,uniform,mixed,fixed_hash,20260912T090406768531Z-s12130-G-bf693e8f,9ce494b264cc886891dcca475ab649a02a3c1b9ede0a087b25a481904d274603,66b91d427f3d3cf867c3c0655a9c6a665d491b885a854ee10cfda26d72a0095b,11,11,1.0,3231.236499,2482.236499384795,12411.182496923975,117,585,109,33,22,0,True,,6.975787000003038,293.74877263636364,bbd4ba60ca232b752b9bbe04e37df95c81d0442c6765b7643ddcb37059cdb7f8,98dd94617fae151f20feb7436c4f014f8cb4af96ddeaf4d93de468abb602d351
mean_no_commit,12129,uniform,mixed,fixed_hash,20260912T090405833900Z-s12129-G-6f10c324,9ce494b264cc886891dcca475ab649a02a3c1b9ede0a087b25a481904d274603,406d2c64289051b3c073155c29c269de2b145c4eba8d1b8206e6fc64617b0fe6,15,15,1.0,3343.9762,2566.9762027396896,12834.881013698448,118,590,109,48,30,1,True,,8.100896600008127,222.93174666666667,e5a3db0395cbc00113a2994a698321b2165f1c7235bc9bcfbf28a771929f181f,e752885853ee4bd213af009472ae0bacf0504be4c3f2b64ad8eefd4c45b46dd7
no_commit,12130,uniform,mixed,fixed_hash,20260912T090408060655Z-s12130-G-6cd298e1,9ce494b264cc886891dcca475ab649a02a3c1b9ede0a087b25a481904d274603,406d2c64289051b3c073155c29c269de2b145c4eba8d1b8206e6fc64617b0fe6,11,11,1.0,3195.937851,2440.9378509565913,12204.689254782956,118,590,110,33,22,0,True,,7.021424200007459,290.53980463636367,59cd3e5ba151647232602dcd2c2b14dd3b67048e1b8fd6127a9a80106971989a,98dd94617fae151f20feb7436c4f014f8cb4af96ddeaf4d93de468abb602d351
tight_shared,12130,uniform,mixed,fixed_hash,20260912T090410056438Z-s12130-G-6dacce43,9ce494b264cc886891dcca475ab649a02a3c1b9ede0a087b25a481904d274603,5f28316e3eb177fac0762917090bf305f39346b742ed5b1250d5925d8cbad870,11,11,1.0,3243.483073,2489.483075766729,12447.415378833646,118,590,109,33,22,0,True,,7.5324915000092005,294.86209754545456,6e84d03ae2684f508fde06167a2f1c0349e16393abbab0fa8911111ae217541d,98dd94617fae151f20feb7436c4f014f8cb4af96ddeaf4d93de468abb602d351
G,12131,uniform,mixed,fixed_hash,20260912T090412856861Z-s12131-G-71b9942a,9ce494b264cc886891dcca475ab649a02a3c1b9ede0a087b25a481904d274603,66b91d427f3d3cf867c3c0655a9c6a665d491b885a854ee10cfda26d72a0095b,12,12,1.0,2796.009429,2070.009430081581,10350.047150407903,112,560,106,36,24,0,True,,5.325743599998532,233.00078575,b86e372656266059655318a0d78412a33495e50853782e3e3176ca6f4fc14972,5f55961861b45a6ed572f2e2c93e0720f78db6b5aa17d92b7cbb52b87dcca7ca
combined,12130,uniform,mixed,fixed_hash,20260912T090412164852Z-s12130-G-2444ebf3,9ce494b264cc886891dcca475ab649a02a3c1b9ede0a087b25a481904d274603,3344c0c3c0c9b70bc2c9ecb9b0b1665cf3cc67c01f47d150d7a2cee978833f87,11,11,1.0,3177.421667,2427.421668923411,12137.108344617054,117,585,110,33,22,0,True,,7.074677199998405,288.85651518181817,56164611447697df6703db84d052dff5f0178e553dcbe62f402e2bc03215e6d8,98dd94617fae151f20feb7436c4f014f8cb4af96ddeaf4d93de468abb602d351
direct_balanced,12131,uniform,mixed,fixed_hash,20260912T090413689360Z-s12131-G-9965014d,9ce494b264cc886891dcca475ab649a02a3c1b9ede0a087b25a481904d274603,66b91d427f3d3cf867c3c0655a9c6a665d491b885a854ee10cfda26d72a0095b,12,12,1.0,2786.2847,2060.2847013282817,10301.423506641408,112,560,106,36,24,0,True,,5.725446500000544,232.19039166666667,bbd4ba60ca232b752b9bbe04e37df95c81d0442c6765b7643ddcb37059cdb7f8,5f55961861b45a6ed572f2e2c93e0720f78db6b5aa17d92b7cbb52b87dcca7ca
mean_no_commit,12130,uniform,mixed,fixed_hash,20260912T090412795304Z-s12130-G-c4e6604d,9ce494b264cc886891dcca475ab649a02a3c1b9ede0a087b25a481904d274603,406d2c64289051b3c073155c29c269de2b145c4eba8d1b8206e6fc64617b0fe6,11,11,1.0,3195.937851,2440.9378509565913,12204.689254782956,118,590,110,33,22,0,True,,7.048213599991868,290.53980463636367,e5a3db0395cbc00113a2994a698321b2165f1c7235bc9bcfbf28a771929f181f,98dd94617fae151f20feb7436c4f014f8cb4af96ddeaf4d93de468abb602d351
tight_shared,12131,uniform,mixed,fixed_hash,20260912T090414220775Z-s12131-G-2d99a02f,9ce494b264cc886891dcca475ab649a02a3c1b9ede0a087b25a481904d274603,5f28316e3eb177fac0762917090bf305f39346b742ed5b1250d5925d8cbad870,12,12,1.0,2779.607373,2062.6073721997236,10313.036860998618,111,555,102,36,24,0,True,,5.6522102000017185,231.63394774999998,6e84d03ae2684f508fde06167a2f1c0349e16393abbab0fa8911111ae217541d,5f55961861b45a6ed572f2e2c93e0720f78db6b5aa17d92b7cbb52b87dcca7ca
no_commit,12131,uniform,mixed,fixed_hash,20260912T090413986432Z-s12131-G-c63d6a7d,9ce494b264cc886891dcca475ab649a02a3c1b9ede0a087b25a481904d274603,406d2c64289051b3c073155c29c269de2b145c4eba8d1b8206e6fc64617b0fe6,12,12,1.0,2793.795216,2061.7952179568238,10308.976089784119,113,565,107,36,24,0,True,,5.980790100002196,232.816268,59cd3e5ba151647232602dcd2c2b14dd3b67048e1b8fd6127a9a80106971989a,5f55961861b45a6ed572f2e2c93e0720f78db6b5aa17d92b7cbb52b87dcca7ca
combined,12131,uniform,mixed,fixed_hash,20260912T090415348047Z-s12131-G-3567ed53,9ce494b264cc886891dcca475ab649a02a3c1b9ede0a087b25a481904d274603,3344c0c3c0c9b70bc2c9ecb9b0b1665cf3cc67c01f47d150d7a2cee978833f87,12,12,1.0,2784.710896,2061.7108959231,10308.554479615499,112,560,103,36,24,0,True,,6.028466499992646,232.05924133333335,56164611447697df6703db84d052dff5f0178e553dcbe62f402e2bc03215e6d8,5f55961861b45a6ed572f2e2c93e0720f78db6b5aa17d92b7cbb52b87dcca7ca
mean_no_commit,12131,uniform,mixed,fixed_hash,20260912T090417884878Z-s12131-G-b6e53433,9ce494b264cc886891dcca475ab649a02a3c1b9ede0a087b25a481904d274603,406d2c64289051b3c073155c29c269de2b145c4eba8d1b8206e6fc64617b0fe6,12,12,1.0,2793.795216,2061.7952179568238,10308.976089784119,113,565,107,36,24,0,True,,5.795747099997243,232.816268,e5a3db0395cbc00113a2994a698321b2165f1c7235bc9bcfbf28a771929f181f,5f55961861b45a6ed572f2e2c93e0720f78db6b5aa17d92b7cbb52b87dcca7ca
G,12132,uniform,mixed,fixed_hash,20260912T090418430872Z-s12132-G-b32ffcc5,9ce494b264cc886891dcca475ab649a02a3c1b9ede0a087b25a481904d274603,66b91d427f3d3cf867c3c0655a9c6a665d491b885a854ee10cfda26d72a0095b,14,14,1.0,2904.297004,2198.2970033692104,10991.485016846053,107,535,98,45,28,1,True,,5.344538899997133,207.449786,b86e372656266059655318a0d78412a33495e50853782e3e3176ca6f4fc14972,7ee589ea1c3bb1a8f0038cb5ae2deb2f78c62ec5774c79a93f7d3147199c1361
direct_balanced,12132,uniform,mixed,fixed_hash,20260912T090419546277Z-s12132-G-2ed14e6b,9ce494b264cc886891dcca475ab649a02a3c1b9ede0a087b25a481904d274603,66b91d427f3d3cf867c3c0655a9c6a665d491b885a854ee10cfda26d72a0095b,14,14,1.0,2892.541645,2191.541642456006,10957.70821228003,106,530,98,45,28,1,True,,6.037835000010091,206.61011749999997,bbd4ba60ca232b752b9bbe04e37df95c81d0442c6765b7643ddcb37059cdb7f8,7ee589ea1c3bb1a8f0038cb5ae2deb2f78c62ec5774c79a93f7d3147199c1361
tight_shared,12132,uniform,mixed,fixed_hash,20260912T090420079239Z-s12132-G-db2905aa,9ce494b264cc886891dcca475ab649a02a3c1b9ede0a087b25a481904d274603,5f28316e3eb177fac0762917090bf305f39346b742ed5b1250d5925d8cbad870,14,14,1.0,2877.2698,2193.2698004236154,10966.349002118077,103,515,96,45,28,1,True,,5.738564600003883,205.51927142857144,6e84d03ae2684f508fde06167a2f1c0349e16393abbab0fa8911111ae217541d,7ee589ea1c3bb1a8f0038cb5ae2deb2f78c62ec5774c79a93f7d3147199c1361
no_commit,12132,uniform,mixed,fixed_hash,20260912T090419702336Z-s12132-G-2b189b82,9ce494b264cc886891dcca475ab649a02a3c1b9ede0a087b25a481904d274603,406d2c64289051b3c073155c29c269de2b145c4eba8d1b8206e6fc64617b0fe6,14,14,1.0,2932.843691,2199.843689181306,10999.218445906532,111,555,105,45,28,1,True,,6.299034499999834,209.48883507142858,59cd3e5ba151647232602dcd2c2b14dd3b67048e1b8fd6127a9a80106971989a,7ee589ea1c3bb1a8f0038cb5ae2deb2f78c62ec5774c79a93f7d3147199c1361
combined,12132,uniform,mixed,fixed_hash,20260912T090420104807Z-s12132-G-a2f49fa5,9ce494b264cc886891dcca475ab649a02a3c1b9ede0a087b25a481904d274603,3344c0c3c0c9b70bc2c9ecb9b0b1665cf3cc67c01f47d150d7a2cee978833f87,14,14,1.0,2902.150211,2189.150210850362,10945.751054251808,107,535,102,48,28,2,True,,6.465826100000413,207.29644364285716,56164611447697df6703db84d052dff5f0178e553dcbe62f402e2bc03215e6d8,7ee589ea1c3bb1a8f0038cb5ae2deb2f78c62ec5774c79a93f7d3147199c1361
G,12133,uniform,mixed,fixed_hash,20260912T090421623021Z-s12133-G-740b33f4,9ce494b264cc886891dcca475ab649a02a3c1b9ede0a087b25a481904d274603,66b91d427f3d3cf867c3c0655a9c6a665d491b885a854ee10cfda26d72a0095b,16,16,1.0,2993.514056,2373.514056521517,11867.570282607585,91,455,85,48,32,0,True,,5.013971699998365,187.0946285,b86e372656266059655318a0d78412a33495e50853782e3e3176ca6f4fc14972,8a985c584cc945dd6fc0a62303b50b435d3088ff63c08822e7408926599d1118
mean_no_commit,12132,uniform,mixed,fixed_hash,20260912T090420198951Z-s12132-G-db887abf,9ce494b264cc886891dcca475ab649a02a3c1b9ede0a087b25a481904d274603,406d2c64289051b3c073155c29c269de2b145c4eba8d1b8206e6fc64617b0fe6,14,14,1.0,2933.020121,2200.0201197048486,11000.100598524243,111,555,105,45,28,1,True,,6.42530179998721,209.50143721428572,e5a3db0395cbc00113a2994a698321b2165f1c7235bc9bcfbf28a771929f181f,7ee589ea1c3bb1a8f0038cb5ae2deb2f78c62ec5774c79a93f7d3147199c1361
direct_balanced,12133,uniform,mixed,fixed_hash,20260912T090423965903Z-s12133-G-d173af92,9ce494b264cc886891dcca475ab649a02a3c1b9ede0a087b25a481904d274603,66b91d427f3d3cf867c3c0655a9c6a665d491b885a854ee10cfda26d72a0095b,16,16,1.0,2995.260917,2366.2609155813143,11831.30457790657,93,465,84,48,32,0,True,,6.069868399994448,187.2038073125,bbd4ba60ca232b752b9bbe04e37df95c81d0442c6765b7643ddcb37059cdb7f8,8a985c584cc945dd6fc0a62303b50b435d3088ff63c08822e7408926599d1118
no_commit,12133,uniform,mixed,fixed_hash,20260912T090424007940Z-s12133-G-25f5feb9,9ce494b264cc886891dcca475ab649a02a3c1b9ede0a087b25a481904d274603,406d2c64289051b3c073155c29c269de2b145c4eba8d1b8206e6fc64617b0fe6,16,16,1.0,2996.240114,2367.240114031386,11836.20057015693,93,465,84,48,32,0,True,,6.4159630999929504,187.265007125,59cd3e5ba151647232602dcd2c2b14dd3b67048e1b8fd6127a9a80106971989a,8a985c584cc945dd6fc0a62303b50b435d3088ff63c08822e7408926599d1118
G,12134,uniform,mixed,fixed_hash,20260912T090426805028Z-s12134-G-b29788cb,9ce494b264cc886891dcca475ab649a02a3c1b9ede0a087b25a481904d274603,66b91d427f3d3cf867c3c0655a9c6a665d491b885a854ee10cfda26d72a0095b,14,14,1.0,2660.648412,2005.6484130336098,10028.24206516805,98,490,95,42,28,0,True,,4.561755300004734,190.04631514285714,b86e372656266059655318a0d78412a33495e50853782e3e3176ca6f4fc14972,ce421b3e572b851e117c099ac9907151a6e9fa83f55831684c70108d96be172f
direct_balanced,12134,uniform,mixed,fixed_hash,20260912T090426841447Z-s12134-G-339aa320,9ce494b264cc886891dcca475ab649a02a3c1b9ede0a087b25a481904d274603,66b91d427f3d3cf867c3c0655a9c6a665d491b885a854ee10cfda26d72a0095b,14,14,1.0,2676.269743,2014.2697444943424,10071.348722471712,99,495,97,42,28,0,True,,4.926793699996779,191.16212449999998,bbd4ba60ca232b752b9bbe04e37df95c81d0442c6765b7643ddcb37059cdb7f8,ce421b3e572b851e117c099ac9907151a6e9fa83f55831684c70108d96be172f
tight_shared,12133,uniform,mixed,fixed_hash,20260912T090425860586Z-s12133-G-2c138e28,9ce494b264cc886891dcca475ab649a02a3c1b9ede0a087b25a481904d274603,5f28316e3eb177fac0762917090bf305f39346b742ed5b1250d5925d8cbad870,16,16,1.0,3001.665636,2381.665636306133,11908.328181530664,91,455,85,48,32,0,True,,6.266231999994488,187.60410225,6e84d03ae2684f508fde06167a2f1c0349e16393abbab0fa8911111ae217541d,8a985c584cc945dd6fc0a62303b50b435d3088ff63c08822e7408926599d1118
combined,12133,uniform,mixed,fixed_hash,20260912T090426027072Z-s12133-G-2439a916,9ce494b264cc886891dcca475ab649a02a3c1b9ede0a087b25a481904d274603,3344c0c3c0c9b70bc2c9ecb9b0b1665cf3cc67c01f47d150d7a2cee978833f87,16,16,1.0,3004.052128,2385.0521293427178,11925.260646713588,91,455,84,48,32,0,True,,6.262966800000868,187.753258,56164611447697df6703db84d052dff5f0178e553dcbe62f402e2bc03215e6d8,8a985c584cc945dd6fc0a62303b50b435d3088ff63c08822e7408926599d1118
mean_no_commit,12133,uniform,mixed,fixed_hash,20260912T090426226830Z-s12133-G-c4542432,9ce494b264cc886891dcca475ab649a02a3c1b9ede0a087b25a481904d274603,406d2c64289051b3c073155c29c269de2b145c4eba8d1b8206e6fc64617b0fe6,16,16,1.0,2996.240114,2367.240114031386,11836.20057015693,93,465,84,48,32,0,True,,6.136094100002083,187.265007125,e5a3db0395cbc00113a2994a698321b2165f1c7235bc9bcfbf28a771929f181f,8a985c584cc945dd6fc0a62303b50b435d3088ff63c08822e7408926599d1118
no_commit,12134,uniform,mixed,fixed_hash,20260912T090426842965Z-s12134-G-b7eba6f0,9ce494b264cc886891dcca475ab649a02a3c1b9ede0a087b25a481904d274603,406d2c64289051b3c073155c29c269de2b145c4eba8d1b8206e6fc64617b0fe6,14,14,1.0,2619.127777,1931.127777390045,9655.638886950224,104,520,98,42,28,0,True,,6.532581000006758,187.0805555,59cd3e5ba151647232602dcd2c2b14dd3b67048e1b8fd6127a9a80106971989a,ce421b3e572b851e117c099ac9907151a6e9fa83f55831684c70108d96be172f
tight_shared,12134,uniform,mixed,fixed_hash,20260912T090430250888Z-s12134-G-d9855924,9ce494b264cc886891dcca475ab649a02a3c1b9ede0a087b25a481904d274603,5f28316e3eb177fac0762917090bf305f39346b742ed5b1250d5925d8cbad870,14,14,1.0,2654.707296,2005.7072940106978,10028.536470053488,97,485,94,42,28,0,True,,5.141672600002494,189.6219497142857,6e84d03ae2684f508fde06167a2f1c0349e16393abbab0fa8911111ae217541d,ce421b3e572b851e117c099ac9907151a6e9fa83f55831684c70108d96be172f
direct_balanced,12135,uniform,mixed,fixed_hash,20260912T090432336290Z-s12135-G-2e5f9983,9ce494b264cc886891dcca475ab649a02a3c1b9ede0a087b25a481904d274603,66b91d427f3d3cf867c3c0655a9c6a665d491b885a854ee10cfda26d72a0095b,15,15,1.0,2837.616289,2156.6162889272114,10783.081444636056,102,510,96,45,30,0,True,,5.341388499989989,189.17441926666666,bbd4ba60ca232b752b9bbe04e37df95c81d0442c6765b7643ddcb37059cdb7f8,f11b5d85dc243c96747dd069686899ade71b9f7b460773515aeb93c1a51bfad2
combined,12134,uniform,mixed,fixed_hash,20260912T090430623036Z-s12134-G-311cd94e,9ce494b264cc886891dcca475ab649a02a3c1b9ede0a087b25a481904d274603,3344c0c3c0c9b70bc2c9ecb9b0b1665cf3cc67c01f47d150d7a2cee978833f87,14,14,1.0,2593.496041,1928.4960434349377,9642.480217174689,100,500,95,42,28,0,True,,7.19586399999389,185.2497172142857,56164611447697df6703db84d052dff5f0178e553dcbe62f402e2bc03215e6d8,ce421b3e572b851e117c099ac9907151a6e9fa83f55831684c70108d96be172f
no_commit,12135,uniform,mixed,fixed_hash,20260912T090432482558Z-s12135-G-34bf059c,9ce494b264cc886891dcca475ab649a02a3c1b9ede0a087b25a481904d274603,406d2c64289051b3c073155c29c269de2b145c4eba8d1b8206e6fc64617b0fe6,15,15,1.0,2838.778849,2144.7788478361003,10723.894239180501,104,520,99,45,30,0,True,,5.517375900002662,189.25192326666667,59cd3e5ba151647232602dcd2c2b14dd3b67048e1b8fd6127a9a80106971989a,f11b5d85dc243c96747dd069686899ade71b9f7b460773515aeb93c1a51bfad2
G,12135,uniform,mixed,fixed_hash,20260912T090432052850Z-s12135-G-15447e7d,9ce494b264cc886891dcca475ab649a02a3c1b9ede0a087b25a481904d274603,66b91d427f3d3cf867c3c0655a9c6a665d491b885a854ee10cfda26d72a0095b,15,15,1.0,2993.509016,2307.5090162112797,11537.545081056398,103,515,96,45,30,0,True,,6.073513900002581,199.56726773333332,b86e372656266059655318a0d78412a33495e50853782e3e3176ca6f4fc14972,f11b5d85dc243c96747dd069686899ade71b9f7b460773515aeb93c1a51bfad2
tight_shared,12135,uniform,mixed,fixed_hash,20260912T090432573252Z-s12135-G-d74b3cd1,9ce494b264cc886891dcca475ab649a02a3c1b9ede0a087b25a481904d274603,5f28316e3eb177fac0762917090bf305f39346b742ed5b1250d5925d8cbad870,15,15,1.0,2835.308099,2154.308098242128,10771.540491210639,102,510,96,45,30,0,True,,5.67951400000311,189.0205399333333,6e84d03ae2684f508fde06167a2f1c0349e16393abbab0fa8911111ae217541d,f11b5d85dc243c96747dd069686899ade71b9f7b460773515aeb93c1a51bfad2
mean_no_commit,12134,uniform,mixed,fixed_hash,20260912T090431624096Z-s12134-G-a7ea8c2e,9ce494b264cc886891dcca475ab649a02a3c1b9ede0a087b25a481904d274603,406d2c64289051b3c073155c29c269de2b145c4eba8d1b8206e6fc64617b0fe6,14,14,1.0,2632.679261,1934.6792626636384,9673.396313318191,106,530,98,42,28,0,True,,7.578171200002544,188.04851864285715,e5a3db0395cbc00113a2994a698321b2165f1c7235bc9bcfbf28a771929f181f,ce421b3e572b851e117c099ac9907151a6e9fa83f55831684c70108d96be172f
combined,12135,uniform,mixed,fixed_hash,20260912T090433657547Z-s12135-G-5fc41462,9ce494b264cc886891dcca475ab649a02a3c1b9ede0a087b25a481904d274603,3344c0c3c0c9b70bc2c9ecb9b0b1665cf3cc67c01f47d150d7a2cee978833f87,15,15,1.0,2840.003408,2151.003408195163,10755.017040975816,103,515,99,45,30,0,True,,5.953001799993217,189.33356053333333,56164611447697df6703db84d052dff5f0178e553dcbe62f402e2bc03215e6d8,f11b5d85dc243c96747dd069686899ade71b9f7b460773515aeb93c1a51bfad2
mean_no_commit,12135,uniform,mixed,fixed_hash,20260912T090435618765Z-s12135-G-b194f44c,9ce494b264cc886891dcca475ab649a02a3c1b9ede0a087b25a481904d274603,406d2c64289051b3c073155c29c269de2b145c4eba8d1b8206e6fc64617b0fe6,15,15,1.0,2838.778849,2144.7788478361003,10723.894239180501,104,520,99,45,30,0,True,,5.1937518999911845,189.25192326666667,e5a3db0395cbc00113a2994a698321b2165f1c7235bc9bcfbf28a771929f181f,f11b5d85dc243c96747dd069686899ade71b9f7b460773515aeb93c1a51bfad2
G,12136,uniform,mixed,fixed_hash,20260912T090437895444Z-s12136-G-54f92c5b,9ce494b264cc886891dcca475ab649a02a3c1b9ede0a087b25a481904d274603,66b91d427f3d3cf867c3c0655a9c6a665d491b885a854ee10cfda26d72a0095b,16,16,1.0,3159.420692,2472.420694891143,12362.103474455715,102,510,97,48,32,0,True,,4.691290400005528,197.46379325,b86e372656266059655318a0d78412a33495e50853782e3e3176ca6f4fc14972,95c1c0899a9b60db352368f0d38ecb910894ed8bc933d90397b909578d094147
direct_balanced,12136,uniform,mixed,fixed_hash,20260912T090438043971Z-s12136-G-af99bea6,9ce494b264cc886891dcca475ab649a02a3c1b9ede0a087b25a481904d274603,66b91d427f3d3cf867c3c0655a9c6a665d491b885a854ee10cfda26d72a0095b,16,16,1.0,3135.10707,2447.107072091227,12235.535360456135,102,510,95,51,32,1,True,,4.9031555999972625,195.944191875,bbd4ba60ca232b752b9bbe04e37df95c81d0442c6765b7643ddcb37059cdb7f8,95c1c0899a9b60db352368f0d38ecb910894ed8bc933d90397b909578d094147
no_commit,12136,uniform,mixed,fixed_hash,20260912T090438226251Z-s12136-G-59dec082,9ce494b264cc886891dcca475ab649a02a3c1b9ede0a087b25a481904d274603,406d2c64289051b3c073155c29c269de2b145c4eba8d1b8206e6fc64617b0fe6,16,16,1.0,3152.596153,2450.596155594009,12252.980777970044,104,520,102,48,32,0,True,,5.102895800009719,197.0372595625,59cd3e5ba151647232602dcd2c2b14dd3b67048e1b8fd6127a9a80106971989a,95c1c0899a9b60db352368f0d38ecb910894ed8bc933d90397b909578d094147
tight_shared,12136,uniform,mixed,fixed_hash,20260912T090438351138Z-s12136-G-1ab58796,9ce494b264cc886891dcca475ab649a02a3c1b9ede0a087b25a481904d274603,5f28316e3eb177fac0762917090bf305f39346b742ed5b1250d5925d8cbad870,16,16,1.0,3127.34975,2450.349753048128,12251.748765240642,100,500,94,51,32,1,True,,5.2959393999917665,195.459359375,6e84d03ae2684f508fde06167a2f1c0349e16393abbab0fa8911111ae217541d,95c1c0899a9b60db352368f0d38ecb910894ed8bc933d90397b909578d094147
combined,12136,uniform,mixed,fixed_hash,20260912T090438461006Z-s12136-G-7910804e,9ce494b264cc886891dcca475ab649a02a3c1b9ede0a087b25a481904d274603,3344c0c3c0c9b70bc2c9ecb9b0b1665cf3cc67c01f47d150d7a2cee978833f87,16,16,1.0,3142.564148,2459.5641497654983,12297.820748827491,101,505,98,48,32,0,True,,5.43884380000236,196.41025925,56164611447697df6703db84d052dff5f0178e553dcbe62f402e2bc03215e6d8,95c1c0899a9b60db352368f0d38ecb910894ed8bc933d90397b909578d094147
mean_no_commit,12136,uniform,mixed,fixed_hash,20260912T090439437676Z-s12136-G-ab551a41,9ce494b264cc886891dcca475ab649a02a3c1b9ede0a087b25a481904d274603,406d2c64289051b3c073155c29c269de2b145c4eba8d1b8206e6fc64617b0fe6,16,16,1.0,3141.791801,2445.7918039684378,12228.959019842188,103,515,101,48,32,0,True,,4.7459731999988435,196.3619875625,e5a3db0395cbc00113a2994a698321b2165f1c7235bc9bcfbf28a771929f181f,95c1c0899a9b60db352368f0d38ecb910894ed8bc933d90397b909578d094147
G,12137,uniform,mixed,fixed_hash,20260912T090439852109Z-s12137-G-284dcd15,9ce494b264cc886891dcca475ab649a02a3c1b9ede0a087b25a481904d274603,66b91d427f3d3cf867c3c0655a9c6a665d491b885a854ee10cfda26d72a0095b,14,14,1.0,2760.102408,2017.1024089959205,10085.512044979603,113,565,108,42,28,0,True,,4.409069700006512,197.15017200000003,b86e372656266059655318a0d78412a33495e50853782e3e3176ca6f4fc14972,66e13e6afb26592f5142adbd9193a8f2231b00e3198726f752403cf23334d318
direct_balanced,12137,uniform,mixed,fixed_hash,20260912T090441057742Z-s12137-G-f830234f,9ce494b264cc886891dcca475ab649a02a3c1b9ede0a087b25a481904d274603,66b91d427f3d3cf867c3c0655a9c6a665d491b885a854ee10cfda26d72a0095b,14,14,1.0,2766.467947,2018.4679475908124,10092.339737954062,114,570,108,42,28,0,True,,5.0059261999995215,197.60485335714287,bbd4ba60ca232b752b9bbe04e37df95c81d0442c6765b7643ddcb37059cdb7f8,66e13e6afb26592f5142adbd9193a8f2231b00e3198726f752403cf23334d318
no_commit,12137,uniform,mixed,fixed_hash,20260912T090442785434Z-s12137-G-b3eccd2c,9ce494b264cc886891dcca475ab649a02a3c1b9ede0a087b25a481904d274603,406d2c64289051b3c073155c29c269de2b145c4eba8d1b8206e6fc64617b0fe6,14,14,1.0,2771.467947,2018.4679475908124,10092.339737954062,115,575,108,42,28,0,True,,5.117125499993563,197.96199621428573,59cd3e5ba151647232602dcd2c2b14dd3b67048e1b8fd6127a9a80106971989a,66e13e6afb26592f5142adbd9193a8f2231b00e3198726f752403cf23334d318
tight_shared,12137,uniform,mixed,fixed_hash,20260912T090443160831Z-s12137-G-39b05269,9ce494b264cc886891dcca475ab649a02a3c1b9ede0a087b25a481904d274603,5f28316e3eb177fac0762917090bf305f39346b742ed5b1250d5925d8cbad870,14,14,1.0,2798.324002,2115.3240038971717,10576.62001948586,103,515,98,42,28,0,True,,5.111122799993609,199.88028585714284,6e84d03ae2684f508fde06167a2f1c0349e16393abbab0fa8911111ae217541d,66e13e6afb26592f5142adbd9193a8f2231b00e3198726f752403cf23334d318
G,12138,uniform,mixed,fixed_hash,20260912T090444107929Z-s12138-G-9fe9f1a8,9ce494b264cc886891dcca475ab649a02a3c1b9ede0a087b25a481904d274603,66b91d427f3d3cf867c3c0655a9c6a665d491b885a854ee10cfda26d72a0095b,14,14,1.0,2937.713409,2257.7134065173277,11288.56703258664,103,515,95,42,28,0,True,,4.98012330000347,209.83667207142858,b86e372656266059655318a0d78412a33495e50853782e3e3176ca6f4fc14972,87adc52650974a01aa5d043bc468ee2c2b8da71007be288bb7519c6cd2d20595
combined,12137,uniform,mixed,fixed_hash,20260912T090443524693Z-s12137-G-8454c522,9ce494b264cc886891dcca475ab649a02a3c1b9ede0a087b25a481904d274603,3344c0c3c0c9b70bc2c9ecb9b0b1665cf3cc67c01f47d150d7a2cee978833f87,14,14,1.0,2745.491333,2016.4913325109671,10082.456662554836,111,555,104,42,28,0,True,,5.649870900000678,196.10652378571427,56164611447697df6703db84d052dff5f0178e553dcbe62f402e2bc03215e6d8,66e13e6afb26592f5142adbd9193a8f2231b00e3198726f752403cf23334d318
mean_no_commit,12137,uniform,mixed,fixed_hash,20260912T090443955025Z-s12137-G-b913fad5,9ce494b264cc886891dcca475ab649a02a3c1b9ede0a087b25a481904d274603,406d2c64289051b3c073155c29c269de2b145c4eba8d1b8206e6fc64617b0fe6,14,14,1.0,2801.160484,2008.1604857549369,10040.802428774685,122,610,113,42,28,0,True,,5.511672200009343,200.08289171428572,e5a3db0395cbc00113a2994a698321b2165f1c7235bc9bcfbf28a771929f181f,66e13e6afb26592f5142adbd9193a8f2231b00e3198726f752403cf23334d318
direct_balanced,12138,uniform,mixed,fixed_hash,20260912T090444372419Z-s12138-G-42c8c8cb,9ce494b264cc886891dcca475ab649a02a3c1b9ede0a087b25a481904d274603,66b91d427f3d3cf867c3c0655a9c6a665d491b885a854ee10cfda26d72a0095b,14,14,1.0,2945.815517,2265.815516051108,11329.07758025554,103,515,95,42,28,0,True,,5.424286400011624,210.41539407142858,bbd4ba60ca232b752b9bbe04e37df95c81d0442c6765b7643ddcb37059cdb7f8,87adc52650974a01aa5d043bc468ee2c2b8da71007be288bb7519c6cd2d20595
no_commit,12138,uniform,mixed,fixed_hash,20260912T090444474539Z-s12138-G-4684f6a1,9ce494b264cc886891dcca475ab649a02a3c1b9ede0a087b25a481904d274603,406d2c64289051b3c073155c29c269de2b145c4eba8d1b8206e6fc64617b0fe6,14,14,1.0,2955.440116,2262.4401156810795,11312.200578405398,105,525,98,42,28,0,True,,5.789986299991142,211.10286542857145,59cd3e5ba151647232602dcd2c2b14dd3b67048e1b8fd6127a9a80106971989a,87adc52650974a01aa5d043bc468ee2c2b8da71007be288bb7519c6cd2d20595
tight_shared,12138,uniform,mixed,fixed_hash,20260912T090446300598Z-s12138-G-b290d340,9ce494b264cc886891dcca475ab649a02a3c1b9ede0a087b25a481904d274603,5f28316e3eb177fac0762917090bf305f39346b742ed5b1250d5925d8cbad870,14,14,1.0,2937.536778,2272.5367766241848,11362.683883120924,100,500,92,45,28,1,True,,5.302426499998546,209.82405557142857,6e84d03ae2684f508fde06167a2f1c0349e16393abbab0fa8911111ae217541d,87adc52650974a01aa5d043bc468ee2c2b8da71007be288bb7519c6cd2d20595
combined,12138,uniform,mixed,fixed_hash,20260912T090448127870Z-s12138-G-c5c7e296,9ce494b264cc886891dcca475ab649a02a3c1b9ede0a087b25a481904d274603,3344c0c3c0c9b70bc2c9ecb9b0b1665cf3cc67c01f47d150d7a2cee978833f87,14,14,1.0,2928.009004,2267.0090047591775,11335.045023795887,99,495,93,45,28,1,True,,5.272698100001435,209.14350028571428,56164611447697df6703db84d052dff5f0178e553dcbe62f402e2bc03215e6d8,87adc52650974a01aa5d043bc468ee2c2b8da71007be288bb7519c6cd2d20595
G,12139,uniform,mixed,fixed_hash,20260912T090449312771Z-s12139-G-8d00f74c,9ce494b264cc886891dcca475ab649a02a3c1b9ede0a087b25a481904d274603,66b91d427f3d3cf867c3c0655a9c6a665d491b885a854ee10cfda26d72a0095b,16,16,1.0,2764.8045,2053.8045014954478,10269.022507477239,106,530,101,48,32,0,True,,4.439999800000805,172.80028125,b86e372656266059655318a0d78412a33495e50853782e3e3176ca6f4fc14972,e05721a04cf625f8fca07b185cafb76423380a750f14d45682423282f9758e66
mean_no_commit,12138,uniform,mixed,fixed_hash,20260912T090448522193Z-s12138-G-963ed21d,9ce494b264cc886891dcca475ab649a02a3c1b9ede0a087b25a481904d274603,406d2c64289051b3c073155c29c269de2b145c4eba8d1b8206e6fc64617b0fe6,14,14,1.0,2955.059786,2262.059782730358,11310.29891365179,105,525,98,42,28,0,True,,5.353325700009009,211.075699,e5a3db0395cbc00113a2994a698321b2165f1c7235bc9bcfbf28a771929f181f,87adc52650974a01aa5d043bc468ee2c2b8da71007be288bb7519c6cd2d20595
direct_balanced,12139,uniform,mixed,fixed_hash,20260912T090449411026Z-s12139-G-04a50877,9ce494b264cc886891dcca475ab649a02a3c1b9ede0a087b25a481904d274603,66b91d427f3d3cf867c3c0655a9c6a665d491b885a854ee10cfda26d72a0095b,16,16,1.0,2752.04683,2036.0468325346308,10180.234162673154,107,535,101,48,32,0,True,,5.256207300000824,172.002926875,bbd4ba60ca232b752b9bbe04e37df95c81d0442c6765b7643ddcb37059cdb7f8,e05721a04cf625f8fca07b185cafb76423380a750f14d45682423282f9758e66
tight_shared,12139,uniform,mixed,fixed_hash,20260912T090450010385Z-s12139-G-35ad6d64,9ce494b264cc886891dcca475ab649a02a3c1b9ede0a087b25a481904d274603,5f28316e3eb177fac0762917090bf305f39346b742ed5b1250d5925d8cbad870,16,16,1.0,2741.223461,2037.223463595643,10186.117317978214,105,525,99,48,32,0,True,,5.246877500001574,171.3264663125,6e84d03ae2684f508fde06167a2f1c0349e16393abbab0fa8911111ae217541d,e05721a04cf625f8fca07b185cafb76423380a750f14d45682423282f9758e66
no_commit,12139,uniform,mixed,fixed_hash,20260912T090449705488Z-s12139-G-61ba3cd7,9ce494b264cc886891dcca475ab649a02a3c1b9ede0a087b25a481904d274603,406d2c64289051b3c073155c29c269de2b145c4eba8d1b8206e6fc64617b0fe6,16,16,1.0,2786.023509,2042.0235110601577,10210.117555300789,112,560,104,48,32,0,True,,5.706369100007578,174.1264693125,59cd3e5ba151647232602dcd2c2b14dd3b67048e1b8fd6127a9a80106971989a,e05721a04cf625f8fca07b185cafb76423380a750f14d45682423282f9758e66
combined,12139,uniform,mixed,fixed_hash,20260912T090450467144Z-s12139-G-024a891e,9ce494b264cc886891dcca475ab649a02a3c1b9ede0a087b25a481904d274603,3344c0c3c0c9b70bc2c9ecb9b0b1665cf3cc67c01f47d150d7a2cee978833f87,16,16,1.0,2743.221895,2044.2218958790213,10221.109479395107,104,520,99,48,32,0,True,,5.043054300011136,171.4513684375,56164611447697df6703db84d052dff5f0178e553dcbe62f402e2bc03215e6d8,e05721a04cf625f8fca07b185cafb76423380a750f14d45682423282f9758e66
mean_no_commit,12139,uniform,mixed,fixed_hash,20260912T090451885267Z-s12139-G-5365c542,9ce494b264cc886891dcca475ab649a02a3c1b9ede0a087b25a481904d274603,406d2c64289051b3c073155c29c269de2b145c4eba8d1b8206e6fc64617b0fe6,16,16,1.0,2789.024318,2037.0243194757488,10185.121597378744,113,565,107,48,32,0,True,,5.399242999992566,174.314019875,e5a3db0395cbc00113a2994a698321b2165f1c7235bc9bcfbf28a771929f181f,e05721a04cf625f8fca07b185cafb76423380a750f14d45682423282f9758e66
G,12140,uniform,mixed,fixed_hash,20260912T090453637047Z-s12140-G-16d0e994,9ce494b264cc886891dcca475ab649a02a3c1b9ede0a087b25a481904d274603,66b91d427f3d3cf867c3c0655a9c6a665d491b885a854ee10cfda26d72a0095b,15,15,1.0,3430.890962,2668.890964675673,13344.454823378364,116,580,104,48,30,1,True,,6.4311162999947555,228.72606413333332,b86e372656266059655318a0d78412a33495e50853782e3e3176ca6f4fc14972,cb576a87878c6c8bcb645d01b5acbe159da328ed4ccdd0290c8295d3d210ade0
direct_balanced,12140,uniform,mixed,fixed_hash,20260912T090453973622Z-s12140-G-0915d1e3,9ce494b264cc886891dcca475ab649a02a3c1b9ede0a087b25a481904d274603,66b91d427f3d3cf867c3c0655a9c6a665d491b885a854ee10cfda26d72a0095b,15,15,1.0,3438.720987,2683.7209887612244,13418.604943806122,115,575,105,45,30,0,True,,6.7845489000028465,229.2480658,bbd4ba60ca232b752b9bbe04e37df95c81d0442c6765b7643ddcb37059cdb7f8,cb576a87878c6c8bcb645d01b5acbe159da328ed4ccdd0290c8295d3d210ade0
no_commit,12140,uniform,mixed,fixed_hash,20260912T090454085775Z-s12140-G-2efb1336,9ce494b264cc886891dcca475ab649a02a3c1b9ede0a087b25a481904d274603,406d2c64289051b3c073155c29c269de2b145c4eba8d1b8206e6fc64617b0fe6,15,15,1.0,3455.532269,2681.532270746514,13407.66135373257,118,590,109,45,30,0,True,,7.378070299993851,230.36881793333333,59cd3e5ba151647232602dcd2c2b14dd3b67048e1b8fd6127a9a80106971989a,cb576a87878c6c8bcb645d01b5acbe159da328ed4ccdd0290c8295d3d210ade0
tight_shared,12140,uniform,mixed,fixed_hash,20260912T090454870707Z-s12140-G-5fffcd11,9ce494b264cc886891dcca475ab649a02a3c1b9ede0a087b25a481904d274603,5f28316e3eb177fac0762917090bf305f39346b742ed5b1250d5925d8cbad870,15,15,1.0,3431.090779,2688.090780254045,13440.453901270226,113,565,103,45,30,0,True,,6.709678900006111,228.7393852666667,6e84d03ae2684f508fde06167a2f1c0349e16393abbab0fa8911111ae217541d,cb576a87878c6c8bcb645d01b5acbe159da328ed4ccdd0290c8295d3d210ade0
combined,12140,uniform,mixed,fixed_hash,20260912T090455452064Z-s12140-G-dbea4dc9,9ce494b264cc886891dcca475ab649a02a3c1b9ede0a087b25a481904d274603,3344c0c3c0c9b70bc2c9ecb9b0b1665cf3cc67c01f47d150d7a2cee978833f87,15,15,1.0,3458.818731,2688.818733101308,13444.093665506542,117,585,107,48,30,1,True,,7.3542935000004945,230.58791539999999,56164611447697df6703db84d052dff5f0178e553dcbe62f402e2bc03215e6d8,cb576a87878c6c8bcb645d01b5acbe159da328ed4ccdd0290c8295d3d210ade0
mean_no_commit,12140,uniform,mixed,fixed_hash,20260912T090455613904Z-s12140-G-aaeec526,9ce494b264cc886891dcca475ab649a02a3c1b9ede0a087b25a481904d274603,406d2c64289051b3c073155c29c269de2b145c4eba8d1b8206e6fc64617b0fe6,15,15,1.0,3411.121178,2673.1211809994834,13365.605904997417,112,560,103,45,30,0,True,,7.297565400003805,227.40807853333334,e5a3db0395cbc00113a2994a698321b2165f1c7235bc9bcfbf28a771929f181f,cb576a87878c6c8bcb645d01b5acbe159da328ed4ccdd0290c8295d3d210ade0
